,Tanggal,Terakhir,Pembukaan,Tertinggi,Terendah,Vol.,Perubahan%
0,18/07/2023,1.365,1.37,1.37,1.355,"29,61M","-0,36%"
1,17/07/2023,1.37,1.365,1.38,1.36,"31,41M","0,74%"
2,14/07/2023,1.36,1.34,1.37,1.34,"49,05M","1,49%"
3,13/07/2023,1.34,1.345,1.35,1.335,"24,72M","0,00%"
4,12/07/2023,1.34,1.34,1.35,1.335,"19,33M","0,00%"
5,11/07/2023,1.34,1.355,1.36,1.33,"63,77M","-0,74%"
6,10/07/2023,1.35,1.35,1.365,1.35,"21,55M","0,00%"
7,07/07/2023,1.35,1.36,1.36,1.34,"44,67M","-0,74%"
8,06/07/2023,1.36,1.345,1.37,1.345,"49,42M","1,12%"
9,05/07/2023,1.345,1.34,1.36,1.34,"53,95M","0,37%"
10,04/07/2023,1.34,1.315,1.35,1.31,"84,56M","2,29%"
11,03/07/2023,1.31,1.31,1.32,1.31,"23,36M","0,38%"
12,27/06/2023,1.305,1.305,1.315,1.305,"31,62M","0,00%"
13,26/06/2023,1.305,1.31,1.32,1.305,"43,97M","0,00%"
14,23/06/2023,1.305,1.31,1.315,1.295,"54,92M","-0,38%"
15,22/06/2023,1.31,1.31,1.325,1.305,"39,61M","0,38%"
16,21/06/2023,1.305,1.31,1.315,1.3,"50,85M","-0,76%"
17,20/06/2023,1.315,1.32,1.32,1.305,"29,06M","0,00%"
18,19/06/2023,1.315,1.315,1.32,1.31,"21,43M","0,38%"
19,16/06/2023,1.31,1.315,1.34,1.305,"78,35M","-0,38%"
20,15/06/2023,1.315,1.305,1.315,1.3,"46,37M","0,77%"
21,14/06/2023,1.305,1.305,1.315,1.3,"37,81M","0,00%"
22,13/06/2023,1.305,1.315,1.32,1.3,"65,64M","-0,76%"
23,12/06/2023,1.315,1.305,1.325,1.295,"112,45M","-8,04%"
24,09/06/2023,1.43,1.43,1.44,1.42,"123,05M","0,00%"
25,08/06/2023,1.43,1.425,1.44,1.42,"68,23M","0,35%"
26,07/06/2023,1.425,1.435,1.445,1.42,"70,55M","-0,70%"
27,06/06/2023,1.435,1.445,1.455,1.42,"92,49M","-0,35%"
28,05/06/2023,1.44,1.45,1.475,1.435,"95,91M","0,70%"
29,31/05/2023,1.43,1.45,1.475,1.43,"123,61M","-1,38%"
30,30/05/2023,1.45,1.41,1.465,1.355,"228,35M","2,84%"
31,29/05/2023,1.41,1.36,1.415,1.33,"74,31M","4,83%"
32,26/05/2023,1.345,1.355,1.37,1.33,"83,96M","-0,74%"
33,25/05/2023,1.355,1.37,1.38,1.355,"40,62M","-1,09%"
34,24/05/2023,1.37,1.36,1.38,1.36,"34,27M","0,74%"
35,23/05/2023,1.36,1.365,1.395,1.36,"47,02M","0,00%"
36,22/05/2023,1.36,1.345,1.375,1.345,"40,54M","1,12%"
37,19/05/2023,1.345,1.39,1.39,1.345,"91,89M","-2,18%"
38,17/05/2023,1.375,1.38,1.405,1.37,"33,47M","-0,36%"
39,16/05/2023,1.38,1.41,1.415,1.375,"35,34M","-2,13%"
40,15/05/2023,1.41,1.415,1.42,1.4,"21,89M","-0,70%"
41,12/05/2023,1.42,1.42,1.425,1.4,"19,73M","0,00%"
42,11/05/2023,1.42,1.425,1.425,1.4,"30,33M","-0,35%"
43,10/05/2023,1.425,1.42,1.44,1.415,"35,68M","0,71%"
44,09/05/2023,1.415,1.395,1.43,1.39,"50,53M","1,80%"
45,08/05/2023,1.39,1.38,1.4,1.37,"36,67M","1,46%"
46,05/05/2023,1.37,1.38,1.38,1.355,"44,09M","-0,72%"
47,04/05/2023,1.38,1.39,1.395,1.37,"36,94M","-1,08%"
48,03/05/2023,1.395,1.375,1.4,1.365,"34,35M","0,36%"
49,02/05/2023,1.39,1.43,1.435,1.38,"94,83M","-2,80%"
50,28/04/2023,1.43,1.435,1.45,1.425,"34,38M","0,00%"
51,27/04/2023,1.43,1.445,1.455,1.43,"39,04M","-1,04%"
52,26/04/2023,1.445,1.42,1.46,1.41,"81,03M","1,76%"
53,18/04/2023,1.42,1.41,1.43,1.405,"58,65M","1,07%"
54,17/04/2023,1.405,1.38,1.43,1.38,"95,45M","1,08%"
55,14/04/2023,1.39,1.385,1.4,1.38,"70,03M","0,72%"
56,13/04/2023,1.38,1.39,1.4,1.375,"39,22M","-0,36%"
57,12/04/2023,1.385,1.39,1.395,1.375,"38,15M","0,73%"
58,11/04/2023,1.375,1.365,1.39,1.36,"42,51M","1,48%"
59,10/04/2023,1.355,1.365,1.38,1.35,"35,19M","-0,73%"
60,06/04/2023,1.365,1.385,1.395,1.365,"53,48M","-1,44%"
61,05/04/2023,1.385,1.405,1.42,1.385,"57,46M","-1,42%"
62,04/04/2023,1.405,1.355,1.41,1.34,"110,06M","3,69%"
63,03/04/2023,1.355,1.42,1.42,1.35,"92,94M","-1,81%"
64,31/03/2023,1.38,1.4,1.405,1.38,"32,77M","-1,08%"
65,30/03/2023,1.395,1.405,1.425,1.395,"34,80M","-0,71%"
66,29/03/2023,1.405,1.385,1.415,1.385,"59,67M","1,44%"
67,28/03/2023,1.385,1.395,1.415,1.375,"45,02M","0,73%"
68,27/03/2023,1.375,1.365,1.405,1.365,"42,03M","1,10%"
69,24/03/2023,1.36,1.355,1.38,1.355,"57,73M","0,74%"
70,21/03/2023,1.35,1.345,1.365,1.34,"39,00M","1,12%"
71,20/03/2023,1.335,1.39,1.39,1.325,"40,92M","-3,96%"
72,17/03/2023,1.39,1.36,1.395,1.36,"56,21M","2,58%"
73,16/03/2023,1.355,1.41,1.42,1.35,"78,21M","-3,90%"
74,15/03/2023,1.41,1.47,1.495,1.41,"67,59M","-4,08%"
75,14/03/2023,1.47,1.535,1.545,1.46,"56,58M","-4,85%"
76,13/03/2023,1.545,1.545,1.55,1.53,"13,43M","-0,32%"
77,10/03/2023,1.55,1.555,1.56,1.535,"13,62M","-0,96%"
78,09/03/2023,1.565,1.54,1.57,1.54,"24,85M","1,29%"
79,08/03/2023,1.545,1.555,1.555,1.525,"24,86M","-0,64%"
80,07/03/2023,1.555,1.6,1.6,1.545,"36,73M","-2,81%"
81,06/03/2023,1.6,1.59,1.61,1.58,"24,03M","1,27%"
82,03/03/2023,1.58,1.6,1.615,1.58,"36,37M","-1,25%"
83,02/03/2023,1.6,1.555,1.605,1.55,"48,60M","3,23%"
84,01/03/2023,1.55,1.57,1.575,1.545,"17,63M","-0,96%"
85,28/02/2023,1.565,1.54,1.565,1.535,"26,81M","1,95%"
86,27/02/2023,1.535,1.525,1.545,1.525,"20,50M","0,66%"
87,24/02/2023,1.525,1.545,1.56,1.525,"27,31M","-0,65%"
88,23/02/2023,1.535,1.545,1.555,1.53,"24,44M","-0,32%"
89,22/02/2023,1.54,1.565,1.575,1.54,"44,21M","-1,91%"
90,21/02/2023,1.57,1.585,1.6,1.565,"17,66M","-0,95%"
91,20/02/2023,1.585,1.59,1.6,1.58,"17,41M","-0,31%"
92,17/02/2023,1.59,1.58,1.61,1.575,"28,84M","0,95%"
93,16/02/2023,1.575,1.62,1.625,1.575,"45,55M","-2,48%"
94,15/02/2023,1.615,1.62,1.63,1.6,"23,02M","0,00%"
95,14/02/2023,1.615,1.625,1.64,1.615,"32,67M","-0,62%"
96,13/02/2023,1.625,1.61,1.64,1.61,"46,68M","1,25%"
97,10/02/2023,1.605,1.605,1.615,1.58,"34,86M","0,00%"
98,09/02/2023,1.605,1.595,1.625,1.59,"35,95M","0,63%"
99,08/02/2023,1.595,1.62,1.625,1.595,"54,34M","-0,62%"
100,07/02/2023,1.605,1.595,1.615,1.58,"49,15M","1,58%"
101,06/02/2023,1.58,1.565,1.595,1.56,"53,56M","0,96%"
102,03/02/2023,1.565,1.61,1.615,1.565,"47,21M","-2,49%"
103,02/02/2023,1.605,1.59,1.635,1.585,"92,97M","2,23%"
104,01/02/2023,1.57,1.55,1.615,1.545,"61,63M","1,62%"
105,31/01/2023,1.545,1.57,1.58,1.545,"44,70M","-1,28%"
106,30/01/2023,1.565,1.57,1.59,1.56,"19,10M","0,00%"
107,27/01/2023,1.565,1.565,1.59,1.56,"32,15M","0,32%"
108,26/01/2023,1.56,1.575,1.6,1.555,"44,31M","-0,95%"
109,25/01/2023,1.575,1.6,1.605,1.575,"15,62M","-1,25%"
110,24/01/2023,1.595,1.635,1.65,1.585,"50,82M","-1,54%"
111,20/01/2023,1.62,1.595,1.63,1.585,"49,39M","2,21%"
112,19/01/2023,1.585,1.56,1.595,1.555,"34,36M","0,96%"
113,18/01/2023,1.57,1.545,1.585,1.54,"63,20M","2,28%"
114,17/01/2023,1.535,1.55,1.565,1.535,"48,15M","-0,32%"
115,16/01/2023,1.54,1.54,1.555,1.525,"19,50M","0,00%"
116,13/01/2023,1.54,1.53,1.55,1.525,"22,29M","0,98%"
117,12/01/2023,1.525,1.535,1.57,1.52,"42,99M","-0,33%"
118,11/01/2023,1.53,1.57,1.575,1.52,"39,52M","-2,55%"
119,10/01/2023,1.57,1.535,1.57,1.52,"38,24M","2,28%"
120,09/01/2023,1.535,1.585,1.61,1.505,"49,93M","-3,15%"
121,06/01/2023,1.585,1.555,1.61,1.555,"35,59M","1,93%"
122,05/01/2023,1.555,1.66,1.66,1.55,"89,78M","-6,33%"
123,04/01/2023,1.66,1.735,1.74,1.65,"65,11M","-4,32%"
124,03/01/2023,1.735,1.735,1.765,1.73,"19,11M","-0,29%"
125,02/01/2023,1.74,1.76,1.77,1.74,"7,77M","-1,14%"
126,30/12/2022,1.76,1.775,1.78,1.76,"15,75M","-0,85%"
127,29/12/2022,1.775,1.75,1.78,1.745,"9,89M","0,85%"
128,28/12/2022,1.76,1.755,1.77,1.75,"12,37M","0,28%"
129,27/12/2022,1.755,1.795,1.8,1.755,"34,48M","-2,23%"
130,26/12/2022,1.795,1.79,1.815,1.78,"17,12M","0,28%"
131,23/12/2022,1.79,1.825,1.825,1.785,"18,72M","-1,92%"
132,22/12/2022,1.825,1.825,1.835,1.815,"12,32M","0,27%"
133,21/12/2022,1.82,1.835,1.835,1.815,"9,50M","0,00%"
134,20/12/2022,1.82,1.82,1.835,1.815,"9,43M","0,00%"
135,19/12/2022,1.82,1.83,1.84,1.82,"12,75M","-0,55%"
136,16/12/2022,1.83,1.805,1.83,1.8,"19,30M","1,10%"
137,15/12/2022,1.81,1.825,1.835,1.81,"14,50M","-0,82%"
138,14/12/2022,1.825,1.835,1.865,1.82,"29,28M","0,27%"
139,13/12/2022,1.82,1.83,1.835,1.815,"18,89M","-0,27%"
140,12/12/2022,1.825,1.8,1.825,1.785,"21,69M","1,39%"
141,09/12/2022,1.8,1.855,1.865,1.795,"65,64M","-2,70%"
142,08/12/2022,1.85,1.835,1.86,1.8,"55,63M","0,82%"
143,07/12/2022,1.835,1.83,1.84,1.81,"36,70M","0,27%"
144,06/12/2022,1.83,1.845,1.845,1.8,"50,90M","-1,35%"
145,05/12/2022,1.855,1.89,1.905,1.855,"32,98M","-1,85%"
146,02/12/2022,1.89,1.9,1.905,1.875,"21,38M","-0,53%"
147,01/12/2022,1.9,1.9,1.92,1.89,"55,43M","1,06%"
148,30/11/2022,1.88,1.86,1.915,1.86,"94,17M","1,08%"
149,29/11/2022,1.86,1.855,1.875,1.855,"27,61M","0,81%"
150,28/11/2022,1.845,1.85,1.865,1.835,"30,95M","-0,54%"
151,25/11/2022,1.855,1.875,1.88,1.85,"18,48M","-1,07%"
152,24/11/2022,1.875,1.9,1.905,1.875,"22,38M","-1,06%"
153,23/11/2022,1.895,1.89,1.9,1.865,"51,47M","0,80%"
154,22/11/2022,1.88,1.815,1.885,1.81,"123,92M","4,44%"
155,21/11/2022,1.8,1.805,1.815,1.79,"16,47M","0,28%"
156,18/11/2022,1.795,1.805,1.815,1.79,"22,29M","-0,28%"
157,17/11/2022,1.8,1.81,1.83,1.8,"56,83M","-0,28%"
158,16/11/2022,1.805,1.805,1.81,1.78,"34,97M","0,28%"
159,15/11/2022,1.8,1.825,1.825,1.79,"41,52M","-0,55%"
160,14/11/2022,1.81,1.83,1.835,1.805,"63,71M","-0,55%"
161,11/11/2022,1.82,1.825,1.835,1.78,"89,20M","1,11%"
162,10/11/2022,1.8,1.83,1.83,1.765,"106,44M","-1,64%"
163,09/11/2022,1.83,1.85,1.875,1.83,"78,70M","-1,35%"
164,08/11/2022,1.855,1.85,1.9,1.85,"106,97M","0,27%"
165,07/11/2022,1.85,1.92,1.925,1.84,"222,61M","-4,88%"
166,04/11/2022,1.945,1.94,1.95,1.89,"69,53M","0,26%"
167,03/11/2022,1.94,1.94,1.97,1.92,"42,78M","0,00%"
168,02/11/2022,1.94,1.94,1.965,1.92,"47,99M","-0,26%"
169,01/11/2022,1.945,1.965,1.99,1.94,"67,00M","-1,52%"
170,31/10/2022,1.975,1.925,1.995,1.92,"158,32M","3,40%"
171,28/10/2022,1.91,1.92,1.925,1.885,"54,35M","-0,78%"
172,27/10/2022,1.925,1.935,1.945,1.905,"54,03M","0,26%"
173,26/10/2022,1.92,1.895,1.94,1.87,"71,92M","1,86%"
174,25/10/2022,1.885,1.935,1.945,1.885,"73,32M","-1,82%"
175,24/10/2022,1.92,1.875,1.94,1.875,"119,39M","2,67%"
176,21/10/2022,1.87,1.84,1.895,1.84,"102,26M","1,91%"
177,20/10/2022,1.835,1.81,1.9,1.81,"204,13M","1,38%"
178,19/10/2022,1.81,1.835,1.845,1.805,"48,12M","-1,36%"
179,18/10/2022,1.835,1.835,1.855,1.815,"61,53M","0,00%"
180,17/10/2022,1.835,1.8,1.84,1.77,"66,63M","1,94%"
181,14/10/2022,1.8,1.855,1.855,1.8,"53,22M","-1,91%"
182,13/10/2022,1.835,1.835,1.85,1.815,"58,89M","0,00%"
183,12/10/2022,1.835,1.81,1.84,1.765,"82,51M","1,94%"
184,11/10/2022,1.8,1.83,1.84,1.8,"72,54M","-1,37%"
185,10/10/2022,1.825,1.755,1.835,1.745,"132,98M","3,99%"
186,07/10/2022,1.755,1.765,1.765,1.74,"22,74M","-0,57%"
187,06/10/2022,1.765,1.775,1.775,1.75,"32,34M","0,00%"
188,05/10/2022,1.765,1.78,1.79,1.765,"51,08M","0,00%"
189,04/10/2022,1.765,1.755,1.77,1.74,"78,40M","1,73%"
190,03/10/2022,1.735,1.745,1.75,1.72,"50,04M","-1,14%"
191,30/09/2022,1.755,1.705,1.755,1.68,"110,83M","2,63%"
192,29/09/2022,1.71,1.75,1.775,1.71,"94,65M","-0,87%"
193,28/09/2022,1.725,1.74,1.75,1.725,"46,91M","-1,43%"
194,27/09/2022,1.75,1.71,1.755,1.705,"97,88M","2,94%"
195,26/09/2022,1.7,1.735,1.74,1.685,"199,12M","-4,49%"
196,23/09/2022,1.78,1.845,1.855,1.775,"249,97M","-3,00%"
197,22/09/2022,1.835,1.79,1.835,1.785,"87,31M","1,38%"
198,21/09/2022,1.81,1.79,1.81,1.75,"107,87M","1,40%"
199,20/09/2022,1.785,1.825,1.845,1.78,"107,96M","-1,92%"
200,19/09/2022,1.82,1.83,1.86,1.76,"147,86M","-0,55%"
201,16/09/2022,1.83,1.835,1.85,1.82,"114,27M","-0,81%"
202,15/09/2022,1.845,1.87,1.905,1.845,"135,25M","0,27%"
203,14/09/2022,1.84,1.835,1.86,1.82,"146,32M","-1,60%"
204,13/09/2022,1.87,1.885,1.91,1.87,"97,31M","-0,27%"
205,12/09/2022,1.875,1.86,1.9,1.855,"77,13M","1,90%"
206,09/09/2022,1.84,1.87,1.87,1.83,"63,91M","-0,81%"
207,08/09/2022,1.855,1.865,1.89,1.84,"142,25M","-2,37%"
208,07/09/2022,1.9,1.94,1.955,1.865,"253,52M","-3,31%"
209,06/09/2022,1.965,1.845,1.975,1.84,"323,91M","7,97%"
210,05/09/2022,1.82,1.81,1.845,1.8,"129,13M","0,28%"
211,02/09/2022,1.815,1.82,1.85,1.8,"83,76M","0,55%"
212,01/09/2022,1.805,1.84,1.855,1.805,"129,89M","-1,90%"
213,31/08/2022,1.84,1.845,1.85,1.785,"205,07M","-1,08%"
214,30/08/2022,1.86,1.99,1.99,1.86,"249,05M","-5,58%"
215,29/08/2022,1.97,1.89,1.99,1.89,"162,26M","1,55%"
216,26/08/2022,1.94,1.835,1.99,1.81,"393,23M","6,30%"
217,25/08/2022,1.825,1.8,1.85,1.795,"200,80M","2,24%"
218,24/08/2022,1.785,1.805,1.81,1.765,"108,67M","-0,56%"
219,23/08/2022,1.795,1.705,1.81,1.7,"358,99M","6,85%"
220,22/08/2022,1.68,1.71,1.73,1.665,"88,21M","-1,18%"
221,19/08/2022,1.7,1.65,1.72,1.645,"156,09M","3,66%"
222,18/08/2022,1.64,1.63,1.645,1.62,"31,09M","1,23%"
223,16/08/2022,1.62,1.635,1.645,1.62,"33,45M","-0,92%"
224,15/08/2022,1.635,1.635,1.65,1.625,"43,37M","0,31%"
225,12/08/2022,1.63,1.625,1.66,1.625,"55,43M","0,93%"
226,11/08/2022,1.615,1.63,1.65,1.615,"64,19M","0,94%"
227,10/08/2022,1.6,1.615,1.635,1.6,"46,64M","-0,93%"
228,09/08/2022,1.615,1.64,1.65,1.615,"49,65M","-1,52%"
229,08/08/2022,1.64,1.605,1.645,1.605,"52,15M","2,50%"
230,05/08/2022,1.6,1.63,1.64,1.59,"99,46M","-1,84%"
231,04/08/2022,1.63,1.705,1.71,1.63,"105,07M","-3,83%"
232,03/08/2022,1.695,1.675,1.7,1.66,"45,58M","1,19%"
233,02/08/2022,1.675,1.685,1.69,1.655,"61,90M","-0,59%"
234,01/08/2022,1.685,1.68,1.72,1.68,"79,33M","0,30%"
235,29/07/2022,1.68,1.69,1.705,1.66,"81,54M","-0,30%"
236,28/07/2022,1.685,1.635,1.745,1.625,"208,51M","4,01%"
237,27/07/2022,1.62,1.59,1.625,1.585,"59,73M","1,89%"
238,26/07/2022,1.59,1.6,1.615,1.57,"70,39M","-0,63%"
239,25/07/2022,1.6,1.605,1.62,1.585,"32,34M","-0,31%"
240,22/07/2022,1.605,1.58,1.615,1.58,"47,75M","1,58%"
241,21/07/2022,1.58,1.61,1.625,1.57,"82,29M","-1,56%"
242,20/07/2022,1.605,1.6,1.64,1.59,"129,98M","1,26%"
243,19/07/2022,1.585,1.555,1.59,1.545,"68,97M","1,28%"
244,18/07/2022,1.565,1.545,1.565,1.535,"37,54M","2,29%"
245,15/07/2022,1.53,1.565,1.565,1.53,"41,88M","-2,55%"
246,14/07/2022,1.57,1.54,1.57,1.53,"51,90M","1,95%"
247,13/07/2022,1.54,1.59,1.59,1.54,"48,16M","-3,45%"
248,12/07/2022,1.595,1.585,1.61,1.555,"84,29M","0,63%"
249,11/07/2022,1.585,1.56,1.595,1.56,"77,54M","1,60%"
250,08/07/2022,1.56,1.575,1.58,1.525,"160,76M","1,63%"
251,07/07/2022,1.535,1.53,1.55,1.5,"70,54M","0,33%"
252,06/07/2022,1.53,1.55,1.57,1.51,"137,45M","-4,97%"
253,05/07/2022,1.61,1.575,1.625,1.575,"89,70M","3,87%"
254,04/07/2022,1.55,1.615,1.63,1.52,"84,15M","-3,13%"
255,01/07/2022,1.6,1.59,1.655,1.575,"132,89M","0,63%"
256,30/06/2022,1.59,1.67,1.69,1.59,"132,31M","-4,79%"
257,29/06/2022,1.67,1.675,1.7,1.66,"86,92M","-0,89%"
258,28/06/2022,1.685,1.67,1.735,1.66,"126,83M","1,51%"
259,27/06/2022,1.66,1.705,1.725,1.64,"94,95M","-2,35%"
260,24/06/2022,1.7,1.725,1.74,1.69,"64,10M","-1,45%"
261,23/06/2022,1.725,1.76,1.76,1.685,"130,51M","-2,27%"
262,22/06/2022,1.765,1.77,1.785,1.74,"109,15M","-0,28%"
263,21/06/2022,1.77,1.78,1.805,1.745,"81,15M","-0,28%"
264,20/06/2022,1.775,1.815,1.815,1.725,"91,06M","-1,39%"
265,17/06/2022,1.8,1.815,1.835,1.76,"166,89M","-1,10%"
266,16/06/2022,1.82,1.76,1.86,1.755,"348,59M","6,12%"
267,15/06/2022,1.715,1.71,1.765,1.695,"217,17M","-0,87%"
268,14/06/2022,1.73,1.64,1.745,1.63,"206,11M","5,49%"
269,13/06/2022,1.64,1.62,1.65,1.6,"143,58M","-2,38%"
270,10/06/2022,1.68,1.665,1.685,1.665,"91,77M","0,00%"
271,09/06/2022,1.68,1.695,1.7,1.655,"84,65M","-0,59%"
272,08/06/2022,1.69,1.675,1.7,1.665,"204,41M","-4,79%"
273,07/06/2022,1.775,1.785,1.8,1.76,"143,58M","-0,56%"
274,06/06/2022,1.785,1.79,1.795,1.765,"73,75M","-0,28%"
275,03/06/2022,1.79,1.8,1.81,1.77,"129,73M","0,28%"
276,02/06/2022,1.785,1.785,1.82,1.77,"103,46M","-0,83%"
277,31/05/2022,1.8,1.785,1.8,1.755,"92,89M","1,12%"
278,30/05/2022,1.78,1.8,1.815,1.75,"86,86M","0,00%"
279,27/05/2022,1.78,1.78,1.81,1.725,"238,30M","0,28%"
280,25/05/2022,1.775,1.7,1.795,1.7,"353,61M","4,72%"
281,24/05/2022,1.695,1.57,1.7,1.565,"527,47M","9,00%"
282,23/05/2022,1.555,1.59,1.595,1.55,"93,30M","-1,27%"
283,20/05/2022,1.575,1.57,1.6,1.56,"119,49M","1,29%"
284,19/05/2022,1.555,1.545,1.56,1.525,"97,42M","-1,27%"
285,18/05/2022,1.575,1.56,1.595,1.53,"189,65M","0,96%"
286,17/05/2022,1.56,1.52,1.56,1.505,"180,56M","4,35%"
287,13/05/2022,1.495,1.485,1.515,1.465,"94,22M","1,70%"
288,12/05/2022,1.47,1.52,1.535,1.45,"130,85M","-3,29%"
289,11/05/2022,1.52,1.515,1.54,1.49,"119,11M","0,33%"
290,10/05/2022,1.515,1.445,1.525,1.415,"274,72M","4,48%"
291,09/05/2022,1.45,1.475,1.5,1.425,"216,82M","0,00%"
292,28/04/2022,1.45,1.38,1.47,1.375,"286,22M","5,84%"
293,27/04/2022,1.37,1.355,1.38,1.35,"38,45M","1,48%"
294,26/04/2022,1.35,1.355,1.365,1.335,"52,14M","0,00%"
295,25/04/2022,1.35,1.37,1.375,1.34,"73,70M","-2,53%"
296,22/04/2022,1.385,1.405,1.405,1.37,"69,17M","-1,42%"
297,21/04/2022,1.405,1.39,1.43,1.39,"123,46M","1,08%"
298,20/04/2022,1.39,1.41,1.415,1.385,"68,77M","-0,71%"
299,19/04/2022,1.4,1.355,1.42,1.35,"187,41M","4,09%"
300,18/04/2022,1.345,1.365,1.365,1.335,"45,39M","-0,74%"
301,14/04/2022,1.355,1.37,1.375,1.35,"44,25M","-0,37%"
302,13/04/2022,1.36,1.33,1.36,1.33,"60,32M","2,64%"
303,12/04/2022,1.325,1.35,1.355,1.325,"81,17M","-2,21%"
304,11/04/2022,1.355,1.395,1.4,1.35,"75,65M","-2,87%"
305,08/04/2022,1.395,1.4,1.41,1.38,"57,99M","0,36%"
306,07/04/2022,1.39,1.385,1.41,1.375,"65,41M","0,36%"
307,06/04/2022,1.385,1.405,1.415,1.38,"54,91M","-1,42%"
308,05/04/2022,1.405,1.41,1.415,1.4,"50,80M","0,00%"
309,04/04/2022,1.405,1.395,1.405,1.375,"48,72M","1,08%"
310,01/04/2022,1.39,1.405,1.41,1.385,"48,01M","-1,07%"
311,31/03/2022,1.405,1.395,1.415,1.395,"44,98M","0,72%"
312,30/03/2022,1.395,1.415,1.415,1.385,"56,80M","-0,71%"
313,29/03/2022,1.405,1.415,1.42,1.4,"49,46M","-0,71%"
314,28/03/2022,1.415,1.415,1.425,1.405,"43,94M","0,00%"
315,25/03/2022,1.415,1.435,1.435,1.4,"60,03M","-1,05%"
316,24/03/2022,1.43,1.435,1.44,1.415,"63,59M","0,35%"
317,23/03/2022,1.425,1.39,1.43,1.39,"115,09M","3,26%"
318,22/03/2022,1.38,1.365,1.395,1.365,"64,35M","1,10%"
319,21/03/2022,1.365,1.39,1.39,1.355,"63,43M","-1,09%"
320,18/03/2022,1.38,1.4,1.405,1.38,"91,75M","-0,72%"
321,17/03/2022,1.39,1.41,1.41,1.385,"55,43M","-0,36%"
322,16/03/2022,1.395,1.39,1.41,1.385,"98,92M","0,72%"
323,15/03/2022,1.385,1.42,1.425,1.375,"121,09M","-3,15%"
324,14/03/2022,1.43,1.41,1.435,1.41,"81,57M","1,78%"
325,11/03/2022,1.405,1.42,1.44,1.39,"156,52M","-2,43%"
326,10/03/2022,1.44,1.54,1.54,1.44,"184,13M","-6,80%"
327,09/03/2022,1.545,1.53,1.56,1.51,"103,14M","1,31%"
328,08/03/2022,1.525,1.6,1.615,1.515,"189,25M","-4,39%"
329,07/03/2022,1.595,1.59,1.62,1.535,"301,97M","1,92%"
330,04/03/2022,1.565,1.475,1.575,1.475,"272,55M","6,10%"
331,02/03/2022,1.475,1.495,1.505,1.465,"120,58M","0,00%"
332,01/03/2022,1.475,1.46,1.48,1.45,"111,75M","2,43%"
333,25/02/2022,1.44,1.45,1.465,1.425,"103,15M","0,00%"
334,24/02/2022,1.44,1.4,1.44,1.37,"218,00M","2,49%"
335,23/02/2022,1.405,1.41,1.415,1.39,"60,54M","0,00%"
336,22/02/2022,1.405,1.445,1.45,1.4,"89,44M","-3,10%"
337,21/02/2022,1.45,1.46,1.465,1.435,"42,22M","-0,68%"
338,18/02/2022,1.46,1.43,1.48,1.425,"79,22M","1,39%"
339,17/02/2022,1.44,1.45,1.465,1.42,"66,64M","-0,69%"
340,16/02/2022,1.45,1.42,1.46,1.42,"85,70M","2,11%"
341,15/02/2022,1.42,1.405,1.425,1.405,"55,75M","1,07%"
342,14/02/2022,1.405,1.375,1.41,1.365,"81,28M","2,18%"
343,11/02/2022,1.375,1.38,1.39,1.37,"26,52M","-0,36%"
344,10/02/2022,1.38,1.41,1.43,1.375,"54,84M","-2,13%"
345,09/02/2022,1.41,1.415,1.42,1.395,"61,03M","0,00%"
346,08/02/2022,1.41,1.385,1.425,1.385,"103,27M","1,81%"
347,07/02/2022,1.385,1.37,1.41,1.37,"84,87M","1,09%"
348,04/02/2022,1.37,1.37,1.375,1.36,"26,65M","-0,72%"
349,03/02/2022,1.38,1.365,1.385,1.335,"71,08M","1,47%"
350,02/02/2022,1.36,1.38,1.385,1.35,"39,05M","-1,45%"
351,31/01/2022,1.38,1.375,1.4,1.355,"75,01M","0,73%"
352,28/01/2022,1.37,1.33,1.385,1.325,"56,98M","3,01%"
353,27/01/2022,1.33,1.345,1.365,1.32,"48,14M","-1,85%"
354,26/01/2022,1.355,1.295,1.355,1.29,"81,42M","4,63%"
355,25/01/2022,1.295,1.295,1.305,1.28,"39,10M","-0,77%"
356,24/01/2022,1.305,1.34,1.355,1.305,"46,79M","-2,61%"
357,21/01/2022,1.34,1.3,1.34,1.295,"54,50M","2,68%"
358,20/01/2022,1.305,1.28,1.325,1.28,"88,64M","2,35%"
359,19/01/2022,1.275,1.27,1.295,1.26,"32,02M","-0,39%"
360,18/01/2022,1.28,1.3,1.315,1.265,"68,42M","-1,54%"
361,17/01/2022,1.3,1.34,1.345,1.285,"57,62M","-2,99%"
362,14/01/2022,1.34,1.34,1.34,1.315,"45,69M","0,00%"
363,13/01/2022,1.34,1.315,1.345,1.305,"67,64M","3,08%"
364,12/01/2022,1.3,1.315,1.32,1.29,"79,06M","0,39%"
365,11/01/2022,1.295,1.31,1.335,1.285,"123,63M","-1,15%"
366,10/01/2022,1.31,1.37,1.37,1.31,"98,76M","-3,32%"
367,07/01/2022,1.355,1.35,1.365,1.345,"43,07M","0,37%"
368,06/01/2022,1.35,1.36,1.375,1.325,"81,07M","-1,10%"
369,05/01/2022,1.365,1.4,1.4,1.36,"62,19M","-2,50%"
370,04/01/2022,1.4,1.4,1.42,1.385,"56,89M","0,00%"
371,03/01/2022,1.4,1.375,1.41,1.365,"46,90M","1,82%"
372,30/12/2021,1.375,1.395,1.4,1.375,"37,09M","-1,43%"
373,29/12/2021,1.395,1.4,1.405,1.39,"24,39M","-0,71%"
374,28/12/2021,1.405,1.415,1.435,1.4,"60,76M","0,00%"
375,27/12/2021,1.405,1.36,1.42,1.36,"73,28M","3,31%"
376,24/12/2021,1.36,1.37,1.38,1.36,"44,14M","-0,73%"
377,23/12/2021,1.37,1.385,1.39,1.37,"51,38M","-0,72%"
378,22/12/2021,1.38,1.42,1.43,1.38,"84,75M","-2,13%"
379,21/12/2021,1.41,1.42,1.43,1.365,"204,58M","-0,35%"
380,20/12/2021,1.415,1.47,1.475,1.405,"132,48M","-4,39%"
381,17/12/2021,1.48,1.475,1.485,1.465,"48,46M","0,34%"
382,16/12/2021,1.475,1.5,1.51,1.47,"54,81M","-0,67%"
383,15/12/2021,1.485,1.48,1.51,1.475,"63,43M","0,34%"
384,14/12/2021,1.48,1.485,1.495,1.465,"46,89M","-0,34%"
385,13/12/2021,1.485,1.505,1.51,1.485,"31,73M","-0,67%"
386,10/12/2021,1.495,1.495,1.5,1.485,"28,93M","-0,33%"
387,09/12/2021,1.5,1.495,1.5,1.48,"48,76M","0,67%"
388,08/12/2021,1.49,1.52,1.52,1.48,"54,07M","-0,67%"
389,07/12/2021,1.5,1.485,1.505,1.48,"82,69M","1,35%"
390,06/12/2021,1.48,1.475,1.495,1.46,"88,48M","-0,67%"
391,03/12/2021,1.49,1.5,1.5,1.475,"90,15M","-0,67%"
392,02/12/2021,1.5,1.45,1.505,1.435,"171,02M","3,45%"
393,01/12/2021,1.45,1.5,1.51,1.44,"244,24M","-3,33%"
394,30/11/2021,1.5,1.54,1.555,1.48,"216,55M","-2,60%"
395,29/11/2021,1.54,1.535,1.565,1.515,"232,25M","-1,28%"
396,26/11/2021,1.56,1.62,1.62,1.545,"309,78M","-4,29%"
397,25/11/2021,1.63,1.64,1.64,1.61,"183,92M","1,24%"
398,24/11/2021,1.61,1.55,1.62,1.54,"362,27M","4,21%"
399,23/11/2021,1.545,1.53,1.58,1.515,"373,16M","1,64%"
400,22/11/2021,1.52,1.535,1.545,1.505,"119,52M","-0,65%"
401,19/11/2021,1.53,1.505,1.55,1.5,"248,62M","2,00%"
402,18/11/2021,1.5,1.51,1.52,1.49,"134,57M","0,33%"
403,17/11/2021,1.495,1.5,1.52,1.49,"75,96M","-0,33%"
404,16/11/2021,1.5,1.49,1.51,1.485,"69,99M","1,01%"
405,15/11/2021,1.485,1.505,1.505,1.475,"48,14M","-0,67%"
406,12/11/2021,1.495,1.51,1.515,1.485,"72,75M","-0,66%"
407,11/11/2021,1.505,1.515,1.52,1.5,"44,42M","-0,66%"
408,10/11/2021,1.515,1.51,1.53,1.5,"76,10M","0,00%"
409,09/11/2021,1.515,1.51,1.535,1.505,"140,07M","1,00%"
410,08/11/2021,1.5,1.5,1.51,1.48,"58,80M","0,00%"
411,05/11/2021,1.5,1.53,1.53,1.485,"110,07M","-1,96%"
412,04/11/2021,1.53,1.49,1.54,1.48,"205,87M","3,73%"
413,03/11/2021,1.475,1.46,1.48,1.445,"81,53M","1,37%"
414,02/11/2021,1.455,1.485,1.505,1.45,"164,90M","-1,69%"
415,01/11/2021,1.48,1.55,1.56,1.48,"268,41M","-1,99%"
416,29/10/2021,1.51,1.495,1.525,1.495,"114,88M","1,00%"
417,28/10/2021,1.495,1.5,1.505,1.475,"145,90M","-0,66%"
418,27/10/2021,1.505,1.55,1.55,1.505,"107,51M","-2,90%"
419,26/10/2021,1.55,1.525,1.555,1.515,"191,10M","2,31%"
420,25/10/2021,1.515,1.525,1.53,1.495,"119,72M","-0,66%"
421,22/10/2021,1.525,1.5,1.53,1.41,"178,43M","1,33%"
422,21/10/2021,1.505,1.56,1.57,1.505,"247,13M","-3,53%"
423,19/10/2021,1.56,1.53,1.56,1.515,"173,56M","2,30%"
424,18/10/2021,1.525,1.535,1.56,1.52,"160,26M","0,00%"
425,15/10/2021,1.525,1.54,1.545,1.505,"124,58M","0,00%"
426,14/10/2021,1.525,1.51,1.555,1.505,"239,97M","1,67%"
427,13/10/2021,1.5,1.53,1.535,1.485,"245,92M","-2,28%"
428,12/10/2021,1.535,1.48,1.545,1.475,"443,14M","3,72%"
429,11/10/2021,1.48,1.495,1.5,1.475,"104,54M","-0,34%"
430,08/10/2021,1.485,1.5,1.515,1.45,"176,76M","0,00%"
431,07/10/2021,1.485,1.44,1.5,1.41,"409,13M","2,77%"
432,06/10/2021,1.445,1.5,1.52,1.425,"472,43M","-2,36%"
433,05/10/2021,1.48,1.415,1.49,1.415,"578,36M","5,34%"
434,04/10/2021,1.405,1.29,1.405,1.29,"442,99M","9,77%"
435,01/10/2021,1.28,1.205,1.295,1.205,"448,93M","7,56%"
436,30/09/2021,1.19,1.2,1.215,1.19,"137,62M","-0,83%"
437,29/09/2021,1.2,1.15,1.205,1.14,"208,90M","3,45%"
438,28/09/2021,1.16,1.17,1.185,1.16,"141,57M","-0,43%"
439,27/09/2021,1.165,1.13,1.175,1.125,"199,05M","3,56%"
440,24/09/2021,1.125,1.13,1.145,1.115,"113,15M","-0,44%"
441,23/09/2021,1.13,1.115,1.135,1.105,"121,46M","2,26%"
442,22/09/2021,1.105,1.125,1.135,1.105,"101,76M","-1,34%"
443,21/09/2021,1.12,1.075,1.125,1.065,"228,28M","4,67%"
444,20/09/2021,1.07,1.085,1.095,1.065,"63,31M","-2,28%"
445,17/09/2021,1.095,1.12,1.125,1.085,"171,82M","-3,10%"
446,16/09/2021,1.13,1.11,1.135,1.1,"158,80M","2,73%"
447,15/09/2021,1.1,1.1,1.115,1.095,"144,88M","-0,90%"
448,14/09/2021,1.11,1.055,1.12,1.055,"338,27M","5,71%"
449,13/09/2021,1.05,1.055,1.06,1.04,"51,18M","-0,47%"
450,10/09/2021,1.055,1.055,1.06,1.045,"53,48M","0,96%"
451,09/09/2021,1.045,1.05,1.065,1.03,"97,68M","-0,48%"
452,08/09/2021,1.05,1.08,1.08,1.045,"154,80M","-2,78%"
453,07/09/2021,1.08,1.1,1.105,1.08,"119,14M","-1,37%"
454,06/09/2021,1.095,1.065,1.105,1.055,"391,09M","3,30%"
455,03/09/2021,1.06,1.035,1.065,1.015,"194,48M","2,91%"
456,02/09/2021,1.03,1.045,1.055,1.025,"108,61M","-0,96%"
457,01/09/2021,1.04,1.035,1.04,1.025,"43,33M","0,48%"
458,31/08/2021,1.035,1.035,1.04,1.02,"64,49M","0,49%"
459,30/08/2021,1.03,1.015,1.035,1.005,"69,24M","1,98%"
460,27/08/2021,1.01,1.02,1.025,1.005,"63,07M","-0,49%"
461,26/08/2021,1.015,1.03,1.035,1.01,"95,12M","-1,46%"
462,25/08/2021,1.03,1.045,1.055,1.025,"62,26M","-0,96%"
463,24/08/2021,1.04,1.065,1.075,1.035,"161,80M","-1,42%"
464,23/08/2021,1.055,1.01,1.065,1.005,"178,33M","5,50%"
465,20/08/2021,1.0,1.0,1.01,990.0,"51,30M","0,00%"
466,19/08/2021,1.0,1.02,1.025,995.0,"127,90M","-2,44%"
467,18/08/2021,1.025,1.045,1.055,1.015,"107,64M","-1,44%"
468,16/08/2021,1.04,1.025,1.055,1.015,"158,98M","1,46%"
469,13/08/2021,1.025,1.02,1.03,1.01,"83,56M","0,49%"
470,12/08/2021,1.02,1.005,1.03,1.0,"78,14M","1,49%"
471,10/08/2021,1.005,1.01,1.015,995.0,"59,06M","-0,50%"
472,09/08/2021,1.01,1.025,1.035,1.0,"69,48M","-1,46%"
473,06/08/2021,1.025,1.02,1.045,1.015,"70,33M","0,99%"
474,05/08/2021,1.015,1.03,1.04,1.01,"90,64M","-0,98%"
475,04/08/2021,1.025,1.02,1.05,1.01,"136,22M","1,49%"
476,03/08/2021,1.01,995.0,1.015,985.0,"93,09M","2,02%"
477,02/08/2021,3.1399999999999997,980.0,990.0,960.0,"86,36M","1,54%"
478,30/07/2021,3.1399999999999997,1.01,1.01,970.0,"240,54M","-2,99%"
479,29/07/2021,1.005,1.015,1.015,990.0,"108,48M","0,00%"
480,28/07/2021,1.005,1.03,1.035,1.0,"97,53M","-2,43%"
481,27/07/2021,1.03,1.045,1.06,1.025,"55,12M","-0,96%"
482,26/07/2021,1.04,1.055,1.085,1.04,"90,87M","-2,35%"
483,23/07/2021,1.065,1.075,1.08,1.045,"95,58M","0,00%"
484,22/07/2021,1.065,1.035,1.08,1.035,"164,96M","2,90%"
485,21/07/2021,1.035,1.01,1.055,1.005,"177,45M","3,50%"
486,19/07/2021,1.0,1.0,1.02,1.0,"35,84M","-0,99%"
487,16/07/2021,1.01,1.01,1.015,1.0,"58,58M","1,00%"
488,15/07/2021,1.0,975.0,1.0,975.0,"61,66M","2,56%"
489,14/07/2021,3.1399999999999997,995.0,1.01,975.0,"97,60M","-2,01%"
490,13/07/2021,3.1399999999999997,1.01,1.02,990.0,"103,06M","-1,49%"
491,12/07/2021,1.01,1.025,1.03,1.01,"44,01M","-0,49%"
492,09/07/2021,1.015,1.01,1.03,1.0,"50,05M","0,50%"
493,08/07/2021,1.01,1.03,1.035,1.01,"69,39M","-1,94%"
494,07/07/2021,1.03,1.04,1.045,1.025,"59,22M","-0,96%"
495,06/07/2021,1.04,1.025,1.05,1.01,"125,47M","1,46%"
496,05/07/2021,1.025,1.04,1.045,1.02,"57,82M","-0,97%"
497,02/07/2021,1.035,1.02,1.045,1.01,"90,22M","2,48%"
498,01/07/2021,1.01,1.005,1.03,1.0,"69,73M","0,50%"
499,30/06/2021,1.005,1.0,1.02,995.0,"64,81M","0,50%"
500,29/06/2021,1.0,990.0,1.025,990.0,"94,04M","1,01%"
501,28/06/2021,3.1399999999999997,1.04,1.045,990.0,"134,19M","-4,35%"
502,25/06/2021,1.035,1.025,1.055,1.025,"129,53M","1,47%"
503,24/06/2021,1.02,1.045,1.05,1.01,"127,23M","-2,39%"
504,23/06/2021,1.045,1.075,1.075,1.045,"92,74M","-0,95%"
505,22/06/2021,1.055,1.07,1.08,1.045,"130,83M","0,00%"
506,21/06/2021,1.055,1.04,1.065,1.01,"204,12M","-0,47%"
507,18/06/2021,1.06,1.1,1.1,1.05,"208,03M","-4,07%"
508,17/06/2021,1.105,1.13,1.14,1.1,"142,70M","-2,64%"
509,16/06/2021,1.135,1.16,1.16,1.13,"128,83M","-2,16%"
510,15/06/2021,1.16,1.17,1.18,1.14,"125,63M","-0,43%"
511,14/06/2021,1.165,1.215,1.225,1.165,"223,94M","-4,12%"
512,11/06/2021,1.215,1.18,1.25,1.175,"559,54M","5,65%"
513,10/06/2021,1.15,1.125,1.15,1.11,"185,85M","2,68%"
514,09/06/2021,1.12,1.125,1.135,1.11,"92,48M","-0,44%"
515,08/06/2021,1.125,1.16,1.18,1.12,"185,69M","-3,02%"
516,07/06/2021,1.16,1.175,1.185,1.15,"115,52M","-0,85%"
517,04/06/2021,1.17,1.18,1.205,1.165,"153,45M","-0,85%"
518,03/06/2021,1.18,1.21,1.225,1.18,"165,47M","-1,67%"
519,02/06/2021,1.2,1.13,1.21,1.125,"457,02M","7,62%"
520,31/05/2021,1.115,1.135,1.15,1.085,"335,05M","-1,33%"
521,28/05/2021,1.13,1.13,1.165,1.115,"238,33M","0,89%"
522,27/05/2021,1.12,1.105,1.16,1.105,"980,86M","1,82%"
523,25/05/2021,1.1,1.065,1.13,1.06,"220,68M","4,27%"
524,24/05/2021,1.055,1.105,1.115,1.055,"105,36M","-4,52%"
525,21/05/2021,1.105,1.1,1.12,1.085,"82,12M","1,38%"
526,20/05/2021,1.09,1.11,1.13,1.085,"82,08M","-1,80%"
527,19/05/2021,1.11,1.14,1.14,1.1,"80,50M","-3,06%"
528,18/05/2021,1.145,1.115,1.15,1.105,"107,90M","1,33%"
529,17/05/2021,1.13,1.19,1.2,1.13,"317,87M","-7,00%"
530,11/05/2021,1.215,1.235,1.235,1.21,"38,89M","-2,02%"
531,10/05/2021,1.24,1.235,1.245,1.23,"27,14M","0,81%"
532,07/05/2021,1.23,1.265,1.27,1.23,"37,40M","-1,99%"
533,06/05/2021,1.255,1.25,1.28,1.25,"49,59M","0,40%"
534,05/05/2021,1.25,1.245,1.275,1.235,"73,21M","1,21%"
535,04/05/2021,1.235,1.255,1.26,1.225,"63,65M","-0,80%"
536,03/05/2021,1.245,1.24,1.255,1.225,"70,59M","1,63%"
537,30/04/2021,1.225,1.23,1.235,1.205,"47,57M","-0,41%"
538,29/04/2021,1.23,1.265,1.265,1.23,"69,51M","-2,38%"
539,28/04/2021,1.26,1.205,1.28,1.19,"97,64M","5,00%"
540,27/04/2021,1.2,1.21,1.215,1.185,"30,87M","-0,41%"
541,26/04/2021,1.205,1.235,1.24,1.2,"36,58M","-2,03%"
542,23/04/2021,1.23,1.215,1.25,1.2,"55,64M","0,82%"
543,22/04/2021,1.22,1.26,1.27,1.22,"54,52M","-2,40%"
544,21/04/2021,1.25,1.2,1.265,1.19,"138,35M","4,17%"
545,20/04/2021,1.2,1.195,1.205,1.18,"49,71M","0,84%"
546,19/04/2021,1.19,1.175,1.205,1.175,"55,56M","1,28%"
547,16/04/2021,1.175,1.205,1.21,1.17,"68,69M","-2,49%"
548,15/04/2021,1.205,1.215,1.22,1.19,"49,74M","-0,41%"
549,14/04/2021,1.21,1.195,1.215,1.18,"107,03M","2,54%"
550,13/04/2021,1.18,1.21,1.21,1.145,"199,39M","-4,07%"
551,12/04/2021,1.23,1.275,1.275,1.23,"144,80M","-6,82%"
552,09/04/2021,1.32,1.305,1.345,1.3,"55,19M","1,54%"
553,08/04/2021,1.3,1.295,1.305,1.29,"34,06M","0,00%"
554,07/04/2021,1.3,1.295,1.305,1.285,"27,80M","0,39%"
555,06/04/2021,1.295,1.285,1.295,1.27,"25,69M","1,17%"
556,05/04/2021,1.28,1.33,1.335,1.27,"61,31M","-2,66%"
557,01/04/2021,1.315,1.325,1.33,1.3,"30,49M","0,00%"
558,31/03/2021,1.315,1.325,1.34,1.29,"70,74M","-0,75%"
559,30/03/2021,1.325,1.38,1.385,1.325,"50,77M","-3,64%"
560,29/03/2021,1.375,1.37,1.405,1.36,"58,58M","1,10%"
561,26/03/2021,1.36,1.33,1.37,1.325,"45,42M","2,64%"
562,25/03/2021,1.325,1.35,1.37,1.31,"69,73M","-2,57%"
563,24/03/2021,1.36,1.37,1.38,1.355,"44,22M","-1,45%"
564,23/03/2021,1.38,1.4,1.41,1.375,"45,03M","-1,43%"
565,22/03/2021,1.4,1.42,1.425,1.39,"43,91M","-1,75%"
566,19/03/2021,1.425,1.4,1.425,1.375,"101,39M","1,42%"
567,18/03/2021,1.405,1.395,1.415,1.395,"60,25M","1,44%"
568,17/03/2021,1.385,1.39,1.405,1.38,"48,01M","-0,36%"
569,16/03/2021,1.39,1.42,1.42,1.39,"41,63M","-1,42%"
570,15/03/2021,1.41,1.425,1.43,1.395,"44,19M","0,00%"
571,12/03/2021,1.41,1.395,1.425,1.395,"43,48M","1,81%"
572,10/03/2021,1.385,1.39,1.4,1.38,"34,04M","0,73%"
573,09/03/2021,1.375,1.415,1.425,1.37,"72,34M","-2,48%"
574,08/03/2021,1.41,1.42,1.43,1.405,"47,16M","0,71%"
575,05/03/2021,1.4,1.42,1.43,1.395,"100,87M","-1,75%"
576,04/03/2021,1.425,1.465,1.465,1.42,"100,96M","-2,73%"
577,03/03/2021,1.465,1.48,1.485,1.455,"57,61M","-0,34%"
578,02/03/2021,1.47,1.475,1.515,1.46,"180,38M","0,68%"
579,01/03/2021,1.46,1.45,1.47,1.44,"57,60M","1,39%"
580,26/02/2021,1.44,1.43,1.455,1.42,"100,88M","-1,03%"
581,25/02/2021,1.455,1.45,1.475,1.44,"84,17M","2,11%"
582,24/02/2021,1.425,1.465,1.475,1.415,"82,91M","-1,72%"
583,23/02/2021,1.45,1.47,1.47,1.445,"43,56M","-0,34%"
584,22/02/2021,1.455,1.47,1.475,1.44,"63,83M","0,34%"
585,19/02/2021,1.45,1.45,1.46,1.425,"50,22M","0,00%"
586,18/02/2021,1.45,1.475,1.485,1.445,"54,96M","-1,02%"
587,17/02/2021,1.465,1.505,1.535,1.455,"184,84M","-2,66%"
588,16/02/2021,1.505,1.53,1.545,1.5,"169,85M","-0,99%"
589,15/02/2021,1.52,1.435,1.525,1.435,"231,36M","7,04%"
590,11/02/2021,1.42,1.41,1.445,1.395,"116,53M","1,07%"
591,10/02/2021,1.405,1.44,1.46,1.395,"159,00M","-1,75%"
592,09/02/2021,1.43,1.505,1.515,1.425,"191,69M","-4,35%"
593,08/02/2021,1.495,1.49,1.52,1.485,"108,39M","1,36%"
594,05/02/2021,1.475,1.48,1.49,1.46,"57,65M","1,03%"
595,04/02/2021,1.46,1.49,1.505,1.45,"106,03M","-1,68%"
596,03/02/2021,1.485,1.47,1.54,1.445,"245,63M","1,02%"
597,02/02/2021,1.47,1.48,1.505,1.44,"264,12M","1,03%"
598,01/02/2021,1.455,1.345,1.47,1.27,"397,90M","8,18%"
599,29/01/2021,1.345,1.41,1.435,1.305,"292,96M","-3,24%"
600,28/01/2021,1.39,1.455,1.515,1.385,"321,10M","-6,40%"
601,27/01/2021,1.485,1.54,1.555,1.44,"292,01M","-3,26%"
602,26/01/2021,1.535,1.625,1.66,1.51,"220,78M","-5,25%"
603,25/01/2021,1.62,1.68,1.68,1.605,"167,84M","-3,57%"
604,22/01/2021,1.68,1.765,1.77,1.675,"313,78M","-4,82%"
605,21/01/2021,1.765,1.76,1.82,1.71,"447,07M","1,73%"
606,20/01/2021,1.735,1.705,1.765,1.685,"207,44M","1,76%"
607,19/01/2021,1.705,1.81,1.82,1.67,"366,09M","-5,01%"
608,18/01/2021,1.795,1.775,1.88,1.735,"654,16M","1,13%"
609,15/01/2021,1.775,1.83,1.845,1.77,"623,84M","-1,93%"
610,14/01/2021,1.81,1.62,1.865,1.59,"1,07B","12,07%"
611,13/01/2021,1.615,1.62,1.645,1.605,"153,05M","0,31%"
612,12/01/2021,1.61,1.63,1.645,1.6,"128,22M","-0,92%"
613,11/01/2021,1.625,1.63,1.655,1.62,"164,19M","-0,91%"
614,08/01/2021,1.64,1.63,1.71,1.63,"544,96M","4,46%"
615,07/01/2021,1.57,1.56,1.6,1.555,"176,96M","0,64%"
616,06/01/2021,1.56,1.62,1.63,1.515,"288,88M","-2,50%"
617,05/01/2021,1.6,1.54,1.64,1.52,"715,75M","3,90%"
618,04/01/2021,1.54,1.54,1.585,1.54,"791,38M","-6,95%"
619,30/12/2020,1.655,1.73,1.74,1.655,"238,55M","-4,06%"
620,29/12/2020,1.725,1.8,1.81,1.72,"266,57M","-2,54%"
621,28/12/2020,1.77,1.69,1.775,1.63,"362,17M","7,27%"
622,23/12/2020,1.65,1.7,1.745,1.61,"302,78M","-1,79%"
623,22/12/2020,1.68,1.79,1.795,1.67,"350,30M","-6,41%"
624,21/12/2020,1.795,1.8,1.895,1.79,"387,45M","0,28%"
625,18/12/2020,1.79,1.79,1.825,1.755,"165,41M","0,00%"
626,17/12/2020,1.79,1.825,1.84,1.765,"207,15M","-1,10%"
627,16/12/2020,1.81,1.8,1.885,1.795,"452,25M","1,12%"
628,15/12/2020,1.79,1.725,1.835,1.695,"461,33M","4,37%"
629,14/12/2020,1.715,1.67,1.73,1.65,"297,42M","3,63%"
630,11/12/2020,1.655,1.7,1.715,1.64,"203,26M","-0,90%"
631,10/12/2020,1.67,1.73,1.735,1.63,"407,32M","-1,18%"
632,08/12/2020,1.69,1.49,1.71,1.47,"825,99M","15,36%"
633,07/12/2020,1.465,1.475,1.48,1.455,"116,68M","1,03%"
634,04/12/2020,1.45,1.46,1.465,1.43,"104,15M","-0,34%"
635,03/12/2020,1.455,1.46,1.485,1.45,"210,59M","1,04%"
636,02/12/2020,1.44,1.41,1.445,1.39,"244,20M","3,60%"
637,01/12/2020,1.39,1.39,1.435,1.335,"357,64M","0,00%"
638,30/11/2020,1.39,1.49,1.49,1.39,"405,83M","-6,71%"
639,27/11/2020,1.49,1.435,1.5,1.42,"220,10M","4,20%"
640,26/11/2020,1.43,1.415,1.43,1.405,"50,96M","1,06%"
641,25/11/2020,1.415,1.46,1.475,1.39,"194,35M","-1,74%"
642,24/11/2020,1.44,1.45,1.455,1.425,"121,09M","1,05%"
643,23/11/2020,1.425,1.415,1.445,1.41,"144,11M","1,42%"
644,20/11/2020,1.405,1.355,1.41,1.33,"329,59M","3,69%"
645,19/11/2020,1.355,1.365,1.385,1.335,"197,30M","-0,73%"
646,18/11/2020,1.365,1.28,1.37,1.275,"478,47M","7,48%"
647,17/11/2020,1.27,1.235,1.285,1.225,"273,91M","4,53%"
648,16/11/2020,1.215,1.19,1.22,1.19,"117,89M","2,97%"
649,13/11/2020,1.18,1.165,1.185,1.16,"73,55M","0,43%"
650,12/11/2020,1.175,1.205,1.21,1.165,"117,72M","-2,49%"
651,11/11/2020,1.205,1.18,1.23,1.17,"217,77M","2,55%"
652,10/11/2020,1.175,1.16,1.19,1.14,"239,76M","4,44%"
653,09/11/2020,1.125,1.115,1.125,1.1,"128,69M","2,27%"
654,06/11/2020,1.1,1.09,1.11,1.07,"124,22M","1,85%"
655,05/11/2020,1.08,1.065,1.085,1.065,"62,95M","2,86%"
656,04/11/2020,1.05,1.085,1.09,1.05,"71,76M","-2,33%"
657,03/11/2020,1.075,1.075,1.085,1.06,"80,93M","1,42%"
658,02/11/2020,1.06,1.05,1.07,1.045,"94,26M","-1,40%"
659,27/10/2020,1.075,1.105,1.115,1.075,"158,39M","-2,71%"
660,26/10/2020,1.105,1.065,1.105,1.065,"187,11M","3,76%"
661,23/10/2020,1.065,1.07,1.075,1.055,"64,54M","0,47%"
662,22/10/2020,1.06,1.055,1.09,1.04,"201,74M","0,00%"
663,21/10/2020,1.06,1.055,1.07,1.05,"76,20M","1,44%"
664,20/10/2020,1.045,1.065,1.08,1.045,"123,25M","-1,88%"
665,19/10/2020,1.065,1.04,1.065,1.035,"96,58M","3,40%"
666,16/10/2020,1.03,1.04,1.05,1.02,"86,55M","-0,48%"
667,15/10/2020,1.035,1.065,1.09,1.03,"159,97M","-2,82%"
668,14/10/2020,1.065,1.035,1.08,1.03,"186,58M","2,90%"
669,13/10/2020,1.035,1.005,1.05,990.0,"208,01M","3,50%"
670,12/10/2020,1.0,995.0,1.005,985.0,"153,56M","2,04%"
671,09/10/2020,3.1399999999999997,980.0,985.0,970.0,"60,13M","0,00%"
672,08/10/2020,3.1399999999999997,985.0,1.005,975.0,"213,95M","0,51%"
673,07/10/2020,3.1399999999999997,960.0,975.0,955.0,"111,55M","0,52%"
674,06/10/2020,3.1399999999999997,940.0,985.0,940.0,"188,14M","4,30%"
675,05/10/2020,3.1399999999999997,930.0,940.0,920.0,"73,23M","1,09%"
676,02/10/2020,3.1399999999999997,955.0,955.0,900.0,"202,32M","-3,66%"
677,01/10/2020,3.1399999999999997,935.0,965.0,925.0,"135,64M","3,24%"
678,30/09/2020,3.1399999999999997,950.0,960.0,905.0,"139,73M","-3,14%"
679,29/09/2020,3.1399999999999997,975.0,990.0,950.0,"96,79M","-1,55%"
680,28/09/2020,3.1399999999999997,1.005,1.015,965.0,"98,51M","-2,51%"
681,25/09/2020,3.1399999999999997,965.0,1.0,960.0,"138,13M","3,65%"
682,24/09/2020,3.1399999999999997,985.0,1.0,955.0,"133,95M","-4,48%"
683,23/09/2020,1.005,1.03,1.045,980.0,"133,46M","-1,47%"
684,22/09/2020,1.02,990.0,1.04,980.0,"116,84M","0,99%"
685,21/09/2020,1.01,1.04,1.06,1.0,"79,67M","-2,88%"
686,18/09/2020,1.04,1.04,1.08,1.04,"112,76M","-0,95%"
687,17/09/2020,1.05,1.08,1.1,1.035,"97,08M","-3,23%"
688,16/09/2020,1.085,1.105,1.12,1.08,"54,77M","-1,81%"
689,15/09/2020,1.105,1.145,1.155,1.1,"131,17M","-3,49%"
690,14/09/2020,1.145,1.12,1.15,1.11,"107,69M","3,62%"
691,11/09/2020,1.105,1.0,1.12,995.0,"230,43M","5,74%"
692,10/09/2020,1.045,1.07,1.08,1.045,"123,77M","-6,70%"
693,09/09/2020,1.12,1.17,1.17,1.11,"208,81M","-5,08%"
694,08/09/2020,1.18,1.23,1.24,1.175,"203,90M","-4,07%"
695,07/09/2020,1.23,1.27,1.275,1.22,"151,34M","-4,65%"
696,04/09/2020,1.29,1.285,1.295,1.265,"84,26M","-1,53%"
697,03/09/2020,1.31,1.335,1.34,1.295,"74,37M","-1,50%"
698,02/09/2020,1.33,1.3,1.33,1.28,"97,36M","3,50%"
699,01/09/2020,1.285,1.265,1.29,1.25,"77,01M","2,39%"
700,31/08/2020,1.255,1.325,1.34,1.255,"161,28M","-5,28%"
701,28/08/2020,1.325,1.315,1.34,1.315,"92,56M","0,76%"
702,27/08/2020,1.315,1.315,1.33,1.305,"61,15M","0,00%"
703,26/08/2020,1.315,1.34,1.35,1.31,"112,04M","-1,87%"
704,25/08/2020,1.34,1.32,1.35,1.31,"113,47M","1,90%"
705,24/08/2020,1.315,1.305,1.335,1.3,"176,42M","0,77%"
706,19/08/2020,1.305,1.25,1.305,1.245,"206,13M","4,82%"
707,18/08/2020,1.245,1.24,1.265,1.23,"99,43M","1,22%"
708,14/08/2020,1.23,1.23,1.25,1.225,"51,79M","-0,40%"
709,13/08/2020,1.235,1.23,1.245,1.22,"79,61M","1,23%"
710,12/08/2020,1.22,1.21,1.235,1.2,"124,32M","0,83%"
711,11/08/2020,1.21,1.21,1.23,1.205,"84,15M","0,00%"
712,10/08/2020,1.21,1.21,1.225,1.205,"53,61M","0,00%"
713,07/08/2020,1.21,1.255,1.255,1.2,"95,09M","-2,02%"
714,06/08/2020,1.235,1.24,1.26,1.235,"70,34M","0,00%"
715,05/08/2020,1.235,1.205,1.235,1.2,"83,86M","2,49%"
716,04/08/2020,1.205,1.19,1.23,1.19,"105,83M","0,42%"
717,03/08/2020,1.2,1.265,1.28,1.18,"192,59M","-5,14%"
718,30/07/2020,1.265,1.25,1.28,1.23,"221,13M","2,85%"
719,29/07/2020,1.23,1.22,1.25,1.205,"100,17M","0,82%"
720,28/07/2020,1.22,1.235,1.245,1.21,"56,84M","-0,81%"
721,27/07/2020,1.23,1.21,1.25,1.21,"67,58M","0,82%"
722,24/07/2020,1.22,1.25,1.26,1.21,"110,53M","-2,01%"
723,23/07/2020,1.245,1.235,1.27,1.225,"187,90M","2,05%"
724,22/07/2020,1.22,1.165,1.23,1.16,"414,50M","5,63%"
725,21/07/2020,1.155,1.145,1.17,1.145,"74,95M","1,32%"
726,20/07/2020,1.14,1.16,1.165,1.135,"54,88M","-1,72%"
727,17/07/2020,1.16,1.155,1.17,1.145,"50,23M","0,00%"
728,16/07/2020,1.16,1.16,1.17,1.15,"65,01M","0,43%"
729,15/07/2020,1.155,1.18,1.19,1.15,"97,70M","-0,86%"
730,14/07/2020,1.165,1.16,1.185,1.145,"104,25M","0,43%"
731,13/07/2020,1.16,1.14,1.165,1.14,"49,15M","2,20%"
732,10/07/2020,1.135,1.16,1.165,1.13,"80,85M","-2,16%"
733,09/07/2020,1.16,1.185,1.19,1.155,"143,61M","-0,85%"
734,08/07/2020,1.17,1.15,1.18,1.14,"213,14M","2,63%"
735,07/07/2020,1.14,1.14,1.155,1.13,"141,42M","0,44%"
736,06/07/2020,1.135,1.125,1.135,1.115,"72,60M","2,25%"
737,03/07/2020,1.11,1.13,1.14,1.11,"90,08M","-1,33%"
738,02/07/2020,1.125,1.145,1.15,1.12,"149,24M","-0,88%"
739,01/07/2020,1.135,1.135,1.15,1.11,"113,68M","0,00%"
740,30/06/2020,1.135,1.175,1.185,1.135,"280,96M","-1,30%"
741,29/06/2020,1.15,1.125,1.16,1.115,"201,77M","1,32%"
742,26/06/2020,1.135,1.105,1.16,1.1,"283,31M","4,13%"
743,25/06/2020,1.09,1.1,1.13,1.085,"168,84M","-3,54%"
744,24/06/2020,1.13,1.1,1.17,1.09,"293,98M","3,20%"
745,23/06/2020,1.095,1.045,1.1,1.04,"108,97M","3,30%"
746,22/06/2020,1.06,1.085,1.09,1.055,"78,74M","-1,85%"
747,19/06/2020,1.08,1.105,1.125,1.08,"131,00M","-2,70%"
748,18/06/2020,1.11,1.115,1.135,1.09,"138,14M","-1,33%"
749,17/06/2020,1.125,1.125,1.155,1.095,"234,78M","0,45%"
750,16/06/2020,1.12,1.02,1.125,1.02,"393,63M","12,56%"
751,15/06/2020,3.1399999999999997,1.045,1.06,995.0,"197,70M","-4,78%"
752,12/06/2020,1.045,1.015,1.06,960.0,"249,13M","1,46%"
753,11/06/2020,1.03,1.03,1.07,1.0,"206,16M","-0,96%"
754,10/06/2020,1.04,1.095,1.11,1.02,"272,86M","-5,02%"
755,09/06/2020,1.095,1.15,1.16,1.09,"276,53M","-1,35%"
756,08/06/2020,1.11,1.07,1.135,1.05,"393,28M","7,77%"
757,05/06/2020,1.03,965.0,1.03,945.0,"341,66M","7,85%"
758,04/06/2020,3.1399999999999997,980.0,1.03,950.0,"418,45M","-1,55%"
759,03/06/2020,3.1399999999999997,900.0,980.0,895.0,"544,27M","9,60%"
760,02/06/2020,3.1399999999999997,860.0,925.0,860.0,"244,43M","2,91%"
761,29/05/2020,3.1399999999999997,855.0,860.0,835.0,"266,71M","-2,82%"
762,28/05/2020,3.1399999999999997,890.0,905.0,870.0,"207,68M","0,00%"
763,27/05/2020,3.1399999999999997,900.0,910.0,870.0,"223,05M","-0,56%"
764,26/05/2020,3.1399999999999997,850.0,890.0,840.0,"198,11M","7,23%"
765,20/05/2020,3.1399999999999997,840.0,850.0,820.0,"86,72M","-1,19%"
766,19/05/2020,3.1399999999999997,850.0,860.0,835.0,"117,71M","0,60%"
767,18/05/2020,3.1399999999999997,810.0,840.0,800.0,"97,81M","5,70%"
768,15/05/2020,3.1399999999999997,820.0,830.0,780.0,"142,06M","-2,47%"
769,14/05/2020,3.1399999999999997,840.0,855.0,805.0,"145,35M","-5,26%"
770,13/05/2020,3.1399999999999997,820.0,870.0,815.0,"127,21M","0,00%"
771,12/05/2020,3.1399999999999997,895.0,900.0,850.0,"148,85M","-4,47%"
772,11/05/2020,3.1399999999999997,870.0,905.0,870.0,"332,70M","4,07%"
773,08/05/2020,3.1399999999999997,830.0,865.0,815.0,"318,83M","5,52%"
774,06/05/2020,3.1399999999999997,815.0,835.0,805.0,"178,52M","0,00%"
775,05/05/2020,3.1399999999999997,825.0,835.0,805.0,"121,35M","-0,61%"
776,04/05/2020,3.1399999999999997,850.0,850.0,810.0,"116,78M","-4,09%"
777,30/04/2020,3.1399999999999997,800.0,855.0,800.0,"180,20M","8,23%"
778,29/04/2020,3.1399999999999997,790.0,795.0,780.0,"39,80M","1,28%"
779,28/04/2020,3.1399999999999997,775.0,790.0,770.0,"42,48M","-0,64%"
780,27/04/2020,3.1399999999999997,775.0,790.0,760.0,"50,74M","1,95%"
781,24/04/2020,3.1399999999999997,785.0,800.0,760.0,"142,96M","0,00%"
782,23/04/2020,3.1399999999999997,775.0,800.0,760.0,"121,05M","0,65%"
783,22/04/2020,3.1399999999999997,755.0,775.0,730.0,"136,72M","0,00%"
784,21/04/2020,3.1399999999999997,800.0,800.0,760.0,"99,71M","-4,97%"
785,20/04/2020,3.1399999999999997,830.0,845.0,800.0,"114,85M","-3,59%"
786,17/04/2020,3.1399999999999997,825.0,845.0,820.0,"126,38M","3,73%"
787,16/04/2020,3.1399999999999997,830.0,840.0,800.0,"143,17M","-4,17%"
788,15/04/2020,3.1399999999999997,910.0,920.0,840.0,"285,13M","-6,67%"
789,14/04/2020,3.1399999999999997,850.0,900.0,835.0,"219,18M","8,43%"
790,13/04/2020,3.1399999999999997,800.0,860.0,800.0,"92,69M","-0,60%"
791,09/04/2020,3.1399999999999997,850.0,880.0,820.0,"172,43M","-2,34%"
792,08/04/2020,3.1399999999999997,900.0,915.0,855.0,"125,21M","-6,56%"
793,07/04/2020,3.1399999999999997,925.0,950.0,875.0,"307,01M","2,23%"
794,06/04/2020,3.1399999999999997,820.0,895.0,815.0,"297,29M","11,88%"
795,03/04/2020,3.1399999999999997,810.0,840.0,795.0,"199,17M","0,00%"
796,02/04/2020,3.1399999999999997,730.0,800.0,710.0,"176,09M","8,84%"
797,01/04/2020,3.1399999999999997,765.0,815.0,735.0,"148,07M","-5,16%"
798,31/03/2020,3.1399999999999997,750.0,790.0,745.0,"129,36M","6,16%"
799,30/03/2020,3.1399999999999997,745.0,745.0,710.0,"86,47M","-3,95%"
800,27/03/2020,3.1399999999999997,700.0,835.0,700.0,"316,42M","11,76%"
801,26/03/2020,3.1399999999999997,615.0,705.0,615.0,"284,92M","12,40%"
802,24/03/2020,3.1399999999999997,610.0,680.0,605.0,"200,61M","-6,92%"
803,23/03/2020,3.1399999999999997,695.0,695.0,650.0,"13,82M","-6,47%"
804,20/03/2020,3.1399999999999997,695.0,740.0,695.0,"230,65M","-6,71%"
805,19/03/2020,3.1399999999999997,745.0,750.0,745.0,"10,35M","-6,88%"
806,18/03/2020,3.1399999999999997,855.0,860.0,800.0,"74,15M","-6,43%"
807,17/03/2020,3.1399999999999997,860.0,870.0,855.0,"78,69M","-6,56%"
808,16/03/2020,3.1399999999999997,940.0,940.0,915.0,"50,02M","-6,63%"
809,13/03/2020,3.1399999999999997,960.0,1.04,935.0,"114,30M","-2,49%"
810,12/03/2020,1.005,1.07,1.07,1.0,"78,40M","-10,67%"
811,11/03/2020,1.125,1.205,1.21,1.12,"77,77M","-6,64%"
812,10/03/2020,1.205,1.17,1.24,1.17,"84,44M","2,99%"
813,09/03/2020,1.17,1.275,1.28,1.165,"87,32M","-13,01%"
814,06/03/2020,1.345,1.385,1.395,1.34,"56,32M","-5,61%"
815,05/03/2020,1.425,1.45,1.465,1.4,"64,95M","0,00%"
816,04/03/2020,1.425,1.33,1.435,1.32,"88,81M","5,95%"
817,03/03/2020,1.345,1.31,1.35,1.31,"90,61M","4,26%"
818,02/03/2020,1.29,1.29,1.35,1.27,"88,14M","0,78%"
819,28/02/2020,1.28,1.34,1.34,1.255,"151,19M","-7,58%"
820,27/02/2020,1.385,1.485,1.5,1.385,"80,70M","-7,36%"
821,26/02/2020,1.495,1.48,1.515,1.48,"42,89M","-0,33%"
822,25/02/2020,1.5,1.45,1.52,1.45,"54,57M","1,35%"
823,24/02/2020,1.48,1.5,1.51,1.48,"51,14M","-2,95%"
824,21/02/2020,1.525,1.545,1.555,1.52,"56,58M","-1,93%"
825,20/02/2020,1.555,1.53,1.58,1.52,"99,36M","1,63%"
826,19/02/2020,1.53,1.505,1.55,1.505,"70,15M","1,66%"
827,18/02/2020,1.505,1.495,1.52,1.49,"37,72M","0,67%"
828,17/02/2020,1.495,1.52,1.525,1.495,"37,34M","-1,64%"
829,14/02/2020,1.52,1.505,1.52,1.495,"47,55M","1,00%"
830,13/02/2020,1.505,1.495,1.525,1.48,"66,76M","0,67%"
831,12/02/2020,1.495,1.54,1.545,1.49,"82,71M","-2,61%"
832,11/02/2020,1.535,1.54,1.56,1.525,"55,09M","0,66%"
833,10/02/2020,1.525,1.53,1.535,1.5,"58,73M","-0,97%"
834,07/02/2020,1.54,1.52,1.555,1.5,"110,80M","1,32%"
835,06/02/2020,1.52,1.5,1.54,1.48,"119,39M","3,05%"
836,05/02/2020,1.475,1.53,1.585,1.445,"209,52M","-2,96%"
837,04/02/2020,1.52,1.7,1.71,1.52,"166,40M","-10,59%"
838,03/02/2020,1.7,1.68,1.725,1.675,"38,06M","-0,29%"
839,31/01/2020,1.705,1.81,1.82,1.705,"85,53M","-5,28%"
840,30/01/2020,1.8,1.805,1.84,1.795,"54,18M","0,28%"
841,29/01/2020,1.795,1.82,1.845,1.785,"53,93M","-0,83%"
842,28/01/2020,1.81,1.8,1.83,1.77,"61,80M","-0,28%"
843,27/01/2020,1.815,1.88,1.88,1.81,"49,09M","-3,46%"
844,24/01/2020,1.88,1.915,1.93,1.88,"51,59M","-1,83%"
845,23/01/2020,1.915,1.93,1.935,1.9,"29,50M","0,26%"
846,22/01/2020,1.91,1.955,2.0,1.905,"47,65M","-2,30%"
847,21/01/2020,1.955,1.95,1.98,1.94,"14,86M","-0,51%"
848,20/01/2020,1.965,2.04,2.04,1.95,"53,65M","-2,72%"
849,17/01/2020,2.02,2.06,2.06,2.02,"19,36M","-0,49%"
850,16/01/2020,2.03,2.04,2.07,2.02,"31,41M","-0,49%"
851,15/01/2020,2.04,2.09,2.1,2.01,"44,65M","-2,39%"
852,14/01/2020,2.09,2.08,2.12,2.07,"32,69M","0,00%"
853,13/01/2020,2.09,2.09,2.1,2.07,"15,79M","0,48%"
854,10/01/2020,2.08,2.12,2.12,2.07,"27,00M","-0,95%"
855,09/01/2020,2.1,2.12,2.13,2.07,"32,46M","0,00%"
856,08/01/2020,2.1,2.08,2.12,2.08,"28,48M","0,00%"
857,07/01/2020,2.1,2.12,2.14,2.07,"59,21M","-2,33%"
858,06/01/2020,2.15,2.16,2.2,2.13,"46,30M","-0,46%"
859,03/01/2020,2.16,2.14,2.16,2.11,"24,05M","0,93%"
860,02/01/2020,2.14,2.17,2.18,2.11,"20,78M","-1,38%"
861,30/12/2019,2.17,2.25,2.25,2.16,"34,74M","-3,56%"
862,27/12/2019,2.25,2.19,2.26,2.19,"59,01M","2,74%"
863,26/12/2019,2.19,2.19,2.2,2.17,"20,65M","0,92%"
864,23/12/2019,2.17,2.2,2.2,2.16,"19,76M","-0,91%"
865,20/12/2019,2.19,2.16,2.19,2.15,"34,74M","1,39%"
866,19/12/2019,2.16,2.16,2.18,2.15,"25,63M","0,00%"
867,18/12/2019,2.16,2.14,2.19,2.13,"44,00M","0,93%"
868,17/12/2019,2.14,2.14,2.15,2.11,"29,34M","0,47%"
869,16/12/2019,2.13,2.14,2.16,2.11,"23,82M","0,00%"
870,13/12/2019,2.13,2.12,2.15,2.1,"24,34M","0,95%"
871,12/12/2019,2.11,2.18,2.18,2.1,"32,18M","-2,31%"
872,11/12/2019,2.16,2.12,2.18,2.11,"40,90M","2,86%"
873,10/12/2019,2.1,2.13,2.15,2.1,"23,82M","-1,87%"
874,09/12/2019,2.14,2.14,2.17,2.11,"23,95M","0,00%"
875,06/12/2019,2.14,2.2,2.2,2.12,"33,38M","-2,73%"
876,05/12/2019,2.2,2.12,2.21,2.11,"76,86M","5,26%"
877,04/12/2019,2.09,2.03,2.13,2.03,"57,19M","1,46%"
878,03/12/2019,2.06,1.985,2.06,1.98,"60,37M","3,00%"
879,02/12/2019,2.0,1.925,2.0,1.915,"42,50M","4,17%"
880,29/11/2019,1.92,1.86,1.925,1.86,"28,26M","1,32%"
881,28/11/2019,1.895,1.925,1.945,1.89,"17,02M","-2,32%"
882,27/11/2019,1.94,1.905,1.965,1.895,"26,94M","2,65%"
883,26/11/2019,1.89,1.935,1.935,1.88,"51,75M","-1,31%"
884,25/11/2019,1.915,1.92,1.94,1.88,"26,11M","-1,54%"
885,22/11/2019,1.945,1.98,1.985,1.935,"27,92M","-1,27%"
886,21/11/2019,1.97,1.975,1.99,1.97,"21,41M","-0,76%"
887,20/11/2019,1.985,2.0,2.01,1.985,"27,41M","-1,24%"
888,19/11/2019,2.01,1.98,2.02,1.98,"18,87M","1,26%"
889,18/11/2019,1.985,1.995,2.02,1.975,"12,67M","-0,75%"
890,15/11/2019,2.0,1.96,2.0,1.955,"24,15M","1,78%"
891,14/11/2019,1.965,1.99,2.0,1.95,"28,76M","-1,50%"
892,13/11/2019,1.995,1.995,2.01,1.99,"13,41M","-0,75%"
893,12/11/2019,2.01,2.02,2.02,2.0,"13,79M","0,50%"
894,11/11/2019,2.0,2.02,2.02,1.985,"13,20M","0,00%"
895,08/11/2019,2.0,2.0,2.03,1.995,"27,93M","0,50%"
896,07/11/2019,1.99,1.99,2.01,1.975,"26,57M","0,51%"
897,06/11/2019,1.98,1.995,2.01,1.965,"40,17M","-0,50%"
898,05/11/2019,1.99,1.985,2.05,1.98,"110,56M","0,51%"
899,04/11/2019,1.98,1.89,1.99,1.88,"252,34M","7,03%"
900,01/11/2019,1.85,2.09,2.12,1.82,"332,23M","-12,32%"
901,31/10/2019,2.11,2.27,2.28,2.11,"300,11M","-13,52%"
902,30/10/2019,2.44,2.36,2.46,2.36,"129,32M","3,83%"
903,29/10/2019,2.35,2.33,2.36,2.31,"64,72M","2,17%"
904,28/10/2019,2.3,2.34,2.37,2.29,"57,43M","-1,71%"
905,25/10/2019,2.34,2.35,2.35,2.28,"35,12M","0,00%"
906,24/10/2019,2.34,2.35,2.36,2.29,"58,35M","0,43%"
907,23/10/2019,2.33,2.25,2.34,2.23,"59,66M","4,02%"
908,22/10/2019,2.24,2.22,2.27,2.22,"41,05M","0,90%"
909,21/10/2019,2.22,2.28,2.29,2.2,"19,52M","-2,20%"
910,18/10/2019,2.27,2.22,2.27,2.22,"23,94M","1,79%"
911,17/10/2019,2.23,2.24,2.26,2.22,"42,14M","0,45%"
912,16/10/2019,2.22,2.25,2.25,2.19,"38,28M","0,00%"
913,15/10/2019,2.22,2.2,2.26,2.19,"59,40M","1,83%"
914,14/10/2019,2.18,2.21,2.22,2.16,"23,10M","-0,46%"
915,11/10/2019,2.19,2.06,2.22,2.04,"69,65M","8,42%"
916,10/10/2019,2.02,2.04,2.09,2.01,"26,73M","0,50%"
917,09/10/2019,2.01,2.02,2.03,1.995,"19,61M","-0,50%"
918,08/10/2019,2.02,2.02,2.07,2.01,"17,94M","-1,46%"
919,07/10/2019,2.05,2.12,2.14,2.04,"19,21M","-2,38%"
920,04/10/2019,2.1,2.06,2.12,2.03,"30,10M","1,94%"
921,03/10/2019,2.06,2.05,2.09,2.02,"29,72M","0,00%"
922,02/10/2019,2.06,2.02,2.11,2.02,"31,34M","0,98%"
923,01/10/2019,2.04,2.1,2.12,2.03,"36,39M","-2,86%"
924,30/09/2019,2.1,2.16,2.18,2.1,"30,57M","-2,33%"
925,27/09/2019,2.15,2.12,2.21,2.09,"48,49M","-0,46%"
926,26/09/2019,2.16,2.23,2.26,2.15,"50,70M","-3,14%"
927,25/09/2019,2.23,2.25,2.3,2.21,"46,00M","-2,19%"
928,24/09/2019,2.28,2.28,2.29,2.2,"65,08M","0,00%"
929,23/09/2019,2.28,2.19,2.29,2.16,"106,78M","5,07%"
930,20/09/2019,2.17,2.17,2.2,2.13,"39,14M","0,00%"
931,19/09/2019,2.17,2.2,2.21,2.15,"51,06M","-1,81%"
932,18/09/2019,2.21,2.17,2.22,2.12,"85,52M","1,38%"
933,17/09/2019,2.18,2.05,2.18,2.04,"167,47M","6,34%"
934,16/09/2019,2.05,2.02,2.06,1.975,"52,99M","4,33%"
935,13/09/2019,1.965,2.0,2.01,1.955,"29,59M","-1,50%"
936,12/09/2019,1.995,2.04,2.07,1.99,"31,67M","-1,72%"
937,11/09/2019,2.03,2.03,2.06,1.985,"46,17M","0,50%"
938,10/09/2019,2.02,1.965,2.05,1.965,"63,45M","2,80%"
939,09/09/2019,1.965,1.94,1.975,1.94,"21,74M","1,03%"
940,06/09/2019,1.945,1.95,1.96,1.94,"31,24M","-0,26%"
941,05/09/2019,1.95,1.97,1.975,1.93,"25,92M","0,00%"
942,04/09/2019,1.95,2.01,2.02,1.95,"29,69M","-2,99%"
943,03/09/2019,2.01,2.0,2.03,1.975,"41,12M","0,75%"
944,02/09/2019,1.995,1.93,2.0,1.915,"47,74M","3,91%"
945,30/08/2019,1.92,1.92,1.94,1.91,"36,03M","0,52%"
946,29/08/2019,1.91,1.97,1.98,1.905,"39,16M","-2,55%"
947,28/08/2019,1.96,2.0,2.0,1.94,"57,86M","-2,00%"
948,27/08/2019,2.0,1.915,2.0,1.9,"95,53M","4,44%"
949,26/08/2019,1.915,1.8,1.92,1.78,"75,95M","4,64%"
950,23/08/2019,1.83,1.81,1.83,1.775,"57,98M","1,39%"
951,22/08/2019,1.805,1.875,1.88,1.8,"60,12M","-3,48%"
952,21/08/2019,1.87,1.945,1.945,1.87,"38,37M","-2,60%"
953,20/08/2019,1.92,1.98,1.985,1.915,"83,11M","-3,76%"
954,19/08/2019,1.995,1.975,2.01,1.97,"26,15M","1,79%"
955,16/08/2019,1.96,1.975,1.985,1.96,"15,56M","-0,76%"
956,15/08/2019,1.975,1.94,1.98,1.925,"25,44M","0,25%"
957,14/08/2019,1.97,1.965,1.98,1.95,"27,35M","1,29%"
958,13/08/2019,1.945,1.97,1.975,1.94,"25,44M","-1,77%"
959,12/08/2019,1.98,1.995,2.0,1.975,"9,69M","-0,25%"
960,09/08/2019,1.985,1.975,2.02,1.965,"30,41M","1,28%"
961,08/08/2019,1.96,1.97,1.975,1.94,"25,27M","0,51%"
962,07/08/2019,1.95,1.96,1.985,1.95,"27,65M","0,26%"
963,06/08/2019,1.945,1.96,1.975,1.92,"38,26M","-1,52%"
964,05/08/2019,1.975,1.97,1.995,1.965,"33,02M","-0,25%"
965,02/08/2019,1.98,1.97,2.01,1.97,"31,59M","-1,00%"
966,01/08/2019,2.0,2.04,2.07,2.0,"19,72M","-2,44%"
967,31/07/2019,2.05,2.01,2.07,1.98,"70,32M","1,99%"
968,30/07/2019,2.01,1.98,2.02,1.98,"29,08M","1,52%"
969,29/07/2019,1.98,1.975,1.99,1.965,"16,51M","0,51%"
970,26/07/2019,1.97,2.0,2.01,1.955,"40,01M","-1,50%"
971,25/07/2019,2.0,2.02,2.04,2.0,"27,21M","-0,50%"
972,24/07/2019,2.01,2.06,2.07,2.0,"38,73M","-1,95%"
973,23/07/2019,2.05,2.07,2.08,2.04,"28,42M","0,00%"
974,22/07/2019,2.05,2.06,2.07,2.03,"18,46M","-0,49%"
975,19/07/2019,2.06,2.12,2.13,2.05,"62,46M","-1,90%"
976,18/07/2019,2.1,2.11,2.14,2.1,"28,61M","-0,47%"
977,17/07/2019,2.11,2.12,2.13,2.1,"20,48M","-0,94%"
978,16/07/2019,2.13,2.14,2.14,2.09,"32,95M","0,00%"
979,15/07/2019,2.13,2.07,2.13,2.07,"34,40M","3,40%"
980,12/07/2019,2.06,2.09,2.1,2.06,"25,30M","-1,44%"
981,11/07/2019,2.09,2.14,2.15,2.08,"32,79M","-1,42%"
982,10/07/2019,2.12,2.09,2.14,2.07,"41,49M","2,91%"
983,09/07/2019,2.06,2.08,2.09,2.06,"18,16M","-0,96%"
984,08/07/2019,2.08,2.1,2.1,2.05,"30,39M","-0,95%"
985,05/07/2019,2.1,2.12,2.13,2.1,"22,83M","-1,41%"
986,04/07/2019,2.13,2.11,2.13,2.09,"28,61M","1,43%"
987,03/07/2019,2.1,2.12,2.12,2.07,"34,46M","-0,47%"
988,02/07/2019,2.11,2.14,2.15,2.1,"30,13M","-0,94%"
989,01/07/2019,2.13,2.14,2.15,2.11,"36,82M","0,95%"
990,28/06/2019,2.11,2.12,2.15,2.1,"56,79M","0,48%"
991,27/06/2019,2.1,2.15,2.17,2.1,"53,06M","-1,87%"
992,26/06/2019,2.14,2.03,2.15,2.02,"180,31M","5,94%"
993,25/06/2019,2.02,2.04,2.06,1.995,"43,77M","-0,49%"
994,24/06/2019,2.03,2.08,2.08,2.02,"21,99M","-0,98%"
995,21/06/2019,2.05,2.08,2.11,2.03,"110,03M","-0,49%"
996,20/06/2019,2.06,2.07,2.1,2.04,"46,59M","0,00%"
997,19/06/2019,2.06,1.97,2.07,1.97,"96,05M","5,64%"
998,18/06/2019,1.95,1.94,1.975,1.925,"42,83M","0,78%"
999,17/06/2019,1.935,1.95,1.98,1.935,"21,74M","-1,28%"
1000,14/06/2019,1.96,1.995,1.995,1.955,"31,48M","-1,26%"
1001,13/06/2019,1.985,1.99,2.0,1.965,"40,12M","0,00%"
1002,12/06/2019,1.985,1.99,2.02,1.985,"35,51M","-0,75%"
1003,11/06/2019,2.0,2.07,2.09,1.985,"66,01M","-2,44%"
1004,10/06/2019,2.05,2.07,2.12,2.05,"49,07M","-0,49%"
1005,31/05/2019,2.06,2.01,2.07,2.0,"77,59M","2,49%"
1006,29/05/2019,2.01,1.96,2.03,1.96,"50,72M","2,81%"
1007,28/05/2019,1.955,2.03,2.06,1.955,"93,65M","-3,69%"
1008,27/05/2019,2.03,1.98,2.06,1.96,"67,50M","3,84%"
1009,24/05/2019,1.955,1.98,2.01,1.95,"32,62M","-1,26%"
1010,23/05/2019,1.98,1.925,2.0,1.925,"34,68M","2,86%"
1011,22/05/2019,1.925,1.915,1.945,1.9,"16,20M","0,00%"
1012,21/05/2019,1.925,1.89,1.965,1.89,"34,27M","1,85%"
1013,20/05/2019,1.89,1.86,1.915,1.82,"34,12M","1,34%"
1014,17/05/2019,1.865,1.92,1.935,1.865,"26,87M","-1,84%"
1015,16/05/2019,1.9,1.955,2.01,1.9,"36,41M","-3,80%"
1016,15/05/2019,1.975,2.04,2.05,1.975,"37,15M","-1,74%"
1017,14/05/2019,2.01,1.95,2.07,1.935,"47,63M","1,52%"
1018,13/05/2019,1.98,2.02,2.04,1.98,"28,80M","-1,98%"
1019,10/05/2019,2.02,2.07,2.1,2.02,"62,32M","-0,98%"
1020,09/05/2019,2.04,2.17,2.18,2.04,"69,31M","-5,99%"
1021,08/05/2019,2.17,2.2,2.21,2.16,"44,66M","-3,13%"
1022,07/05/2019,2.24,2.19,2.24,2.19,"34,57M","2,28%"
1023,06/05/2019,2.19,2.2,2.23,2.15,"30,49M","-2,23%"
1024,03/05/2019,2.24,2.26,2.27,2.21,"25,12M","-0,44%"
1025,02/05/2019,2.25,2.28,2.3,2.25,"38,08M","-3,02%"
1026,30/04/2019,2.32,2.33,2.34,2.28,"27,63M","0,00%"
1027,29/04/2019,2.32,2.36,2.36,2.31,"29,29M","-1,69%"
1028,26/04/2019,2.36,2.35,2.38,2.33,"17,02M","0,85%"
1029,25/04/2019,2.34,2.4,2.4,2.34,"21,15M","-2,09%"
1030,24/04/2019,2.39,2.4,2.41,2.37,"20,79M","0,00%"
1031,23/04/2019,2.39,2.31,2.4,2.3,"42,99M","4,37%"
1032,22/04/2019,2.29,2.36,2.37,2.29,"27,52M","-2,97%"
1033,18/04/2019,2.36,2.4,2.43,2.35,"58,64M","0,00%"
1034,16/04/2019,2.36,2.3,2.37,2.28,"62,61M","3,51%"
1035,15/04/2019,2.28,2.3,2.31,2.26,"19,15M","0,00%"
1036,12/04/2019,2.28,2.25,2.31,2.25,"21,31M","1,33%"
1037,11/04/2019,2.25,2.27,2.29,2.24,"25,18M","-1,75%"
1038,10/04/2019,2.29,2.27,2.32,2.27,"31,69M","0,00%"
1039,09/04/2019,2.29,2.27,2.31,2.25,"28,04M","0,88%"
1040,08/04/2019,2.27,2.3,2.31,2.2,"40,09M","-0,44%"
1041,05/04/2019,2.28,2.31,2.33,2.27,"18,04M","-1,30%"
1042,04/04/2019,2.31,2.26,2.32,2.26,"34,75M","2,67%"
1043,02/04/2019,2.25,2.36,2.36,2.24,"98,75M","-4,26%"
1044,01/04/2019,2.35,2.38,2.38,2.34,"21,64M","0,00%"
1045,29/03/2019,2.35,2.35,2.38,2.34,"39,69M","0,00%"
1046,28/03/2019,2.35,2.35,2.37,2.33,"29,83M","0,00%"
1047,27/03/2019,2.35,2.4,2.4,2.34,"31,88M","-0,84%"
1048,26/03/2019,2.37,2.36,2.41,2.35,"38,04M","1,72%"
1049,25/03/2019,2.33,2.33,2.37,2.3,"42,85M","-1,27%"
1050,22/03/2019,2.36,2.39,2.4,2.35,"40,29M","-0,84%"
1051,21/03/2019,2.38,2.41,2.44,2.35,"48,76M","-1,24%"
1052,20/03/2019,2.41,2.45,2.49,2.39,"45,98M","-2,03%"
1053,19/03/2019,2.46,2.5,2.51,2.46,"14,99M","-1,20%"
1054,18/03/2019,2.49,2.48,2.52,2.46,"27,55M","1,22%"
1055,15/03/2019,2.46,2.43,2.53,2.43,"106,70M","1,65%"
1056,14/03/2019,2.42,2.39,2.43,2.38,"39,09M","1,26%"
1057,13/03/2019,2.39,2.36,2.42,2.35,"50,34M","1,70%"
1058,12/03/2019,2.35,2.4,2.42,2.34,"71,50M","-0,84%"
1059,11/03/2019,2.37,2.43,2.45,2.35,"61,13M","-2,47%"
1060,08/03/2019,2.43,2.44,2.51,2.43,"46,16M","-1,22%"
1061,06/03/2019,2.46,2.48,2.48,2.42,"50,33M","0,00%"
1062,05/03/2019,2.46,2.53,2.54,2.45,"64,17M","-3,15%"
1063,04/03/2019,2.54,2.5,2.57,2.49,"48,22M","2,01%"
1064,01/03/2019,2.49,2.52,2.54,2.47,"53,40M","-1,97%"
1065,28/02/2019,2.54,2.59,2.59,2.53,"51,93M","-1,17%"
1066,27/02/2019,2.57,2.65,2.66,2.56,"55,34M","-2,65%"
1067,26/02/2019,2.64,2.61,2.65,2.57,"47,72M","1,15%"
1068,25/02/2019,2.61,2.66,2.69,2.61,"40,43M","-1,51%"
1069,22/02/2019,2.65,2.64,2.72,2.63,"122,01M","0,38%"
1070,21/02/2019,2.64,2.51,2.67,2.49,"190,21M","6,02%"
1071,20/02/2019,2.49,2.52,2.53,2.47,"40,39M","-0,40%"
1072,19/02/2019,2.5,2.52,2.53,2.49,"24,78M","-0,40%"
1073,18/02/2019,2.51,2.49,2.53,2.47,"56,77M","2,03%"
1074,15/02/2019,2.46,2.48,2.49,2.39,"36,19M","0,00%"
1075,14/02/2019,2.46,2.37,2.46,2.34,"75,98M","5,13%"
1076,13/02/2019,2.34,2.43,2.44,2.31,"107,94M","-2,90%"
1077,12/02/2019,2.41,2.5,2.5,2.39,"104,67M","-3,98%"
1078,11/02/2019,2.51,2.52,2.53,2.48,"49,76M","0,40%"
1079,08/02/2019,2.5,2.45,2.52,2.44,"37,76M","1,63%"
1080,07/02/2019,2.46,2.52,2.54,2.44,"62,38M","-2,77%"
1081,06/02/2019,2.53,2.53,2.56,2.52,"55,77M","0,80%"
1082,04/02/2019,2.51,2.52,2.55,2.5,"47,05M","0,00%"
1083,01/02/2019,2.51,2.57,2.58,2.51,"59,92M","-2,33%"
1084,31/01/2019,2.57,2.55,2.64,2.53,"140,42M","1,58%"
1085,30/01/2019,2.53,2.39,2.53,2.37,"109,20M","6,75%"
1086,29/01/2019,2.37,2.4,2.41,2.36,"27,69M","-1,25%"
1087,28/01/2019,2.4,2.43,2.45,2.37,"51,35M","-0,83%"
1088,25/01/2019,2.42,2.4,2.43,2.38,"35,52M","1,26%"
1089,24/01/2019,2.39,2.47,2.47,2.36,"83,60M","-2,45%"
1090,23/01/2019,2.45,2.46,2.48,2.44,"45,46M","-0,41%"
1091,22/01/2019,2.46,2.47,2.48,2.43,"47,33M","-0,40%"
1092,21/01/2019,2.47,2.44,2.49,2.41,"69,73M","1,65%"
1093,18/01/2019,2.43,2.44,2.45,2.4,"54,75M","0,41%"
1094,17/01/2019,2.42,2.42,2.45,2.4,"84,41M","0,41%"
1095,16/01/2019,2.41,2.34,2.44,2.33,"170,37M","3,88%"
1096,15/01/2019,2.32,2.32,2.34,2.3,"59,36M","0,87%"
1097,14/01/2019,2.3,2.3,2.32,2.26,"40,96M","0,00%"
1098,11/01/2019,2.3,2.31,2.33,2.28,"44,51M","0,44%"
1099,10/01/2019,2.29,2.28,2.33,2.25,"124,21M","1,33%"
1100,09/01/2019,2.26,2.29,2.29,2.24,"53,56M","0,00%"
1101,08/01/2019,2.26,2.27,2.31,2.23,"106,67M","-0,44%"
1102,07/01/2019,2.27,2.24,2.28,2.21,"119,52M","3,18%"
1103,04/01/2019,2.2,2.2,2.22,2.19,"63,75M","0,00%"
1104,03/01/2019,2.2,2.24,2.25,2.18,"101,37M","-0,45%"
1105,02/01/2019,2.21,2.15,2.23,2.14,"156,54M","4,25%"
1106,28/12/2018,2.12,2.14,2.17,2.12,"48,99M","0,00%"
1107,27/12/2018,2.12,2.14,2.17,2.12,"55,95M","1,44%"
1108,26/12/2018,2.09,2.12,2.15,2.09,"45,03M","-3,24%"
1109,21/12/2018,2.16,2.09,2.18,2.07,"118,18M","3,35%"
1110,20/12/2018,2.09,2.09,2.12,2.07,"29,39M","0,48%"
1111,19/12/2018,2.08,2.07,2.13,2.07,"70,80M","0,48%"
1112,18/12/2018,2.07,2.06,2.1,2.05,"54,23M","0,49%"
1113,17/12/2018,2.06,2.12,2.13,2.06,"53,05M","-1,90%"
1114,14/12/2018,2.1,2.13,2.15,2.1,"36,90M","-2,33%"
1115,13/12/2018,2.15,2.15,2.2,2.14,"106,61M","0,94%"
1116,12/12/2018,2.13,2.08,2.15,2.08,"95,06M","3,40%"
1117,11/12/2018,2.06,2.07,2.1,2.04,"65,72M","-1,44%"
1118,10/12/2018,2.09,2.1,2.13,2.06,"48,86M","-1,88%"
1119,07/12/2018,2.13,2.15,2.17,2.1,"75,32M","-0,47%"
1120,06/12/2018,2.14,2.05,2.16,2.03,"163,47M","3,88%"
1121,05/12/2018,2.06,2.06,2.13,2.03,"141,44M","-1,44%"
1122,04/12/2018,2.09,1.98,2.09,1.97,"202,00M","6,09%"
1123,03/12/2018,1.97,1.98,1.985,1.935,"87,54M","0,77%"
1124,30/11/2018,1.955,1.94,1.955,1.92,"56,65M","0,77%"
1125,29/11/2018,1.94,1.97,1.985,1.94,"55,45M","-0,77%"
1126,28/11/2018,1.955,1.925,1.985,1.925,"66,44M","1,82%"
1127,27/11/2018,1.92,1.925,1.975,1.905,"89,06M","-0,26%"
1128,26/11/2018,1.925,1.975,1.98,1.91,"64,84M","-2,53%"
1129,23/11/2018,1.975,1.975,2.03,1.95,"122,45M","2,07%"
1130,22/11/2018,1.935,1.955,1.975,1.93,"57,22M","-0,51%"
1131,21/11/2018,1.945,2.01,2.05,1.93,"127,00M","-4,19%"
1132,19/11/2018,2.03,2.09,2.1,2.02,"58,52M","-1,93%"
1133,16/11/2018,2.07,2.09,2.12,2.06,"63,92M","-0,48%"
1134,15/11/2018,2.08,2.09,2.12,2.08,"60,95M","0,48%"
1135,14/11/2018,2.07,2.06,2.1,2.06,"66,96M","0,00%"
1136,13/11/2018,2.07,2.04,2.12,2.03,"72,38M","0,00%"
1137,12/11/2018,2.07,2.11,2.14,2.06,"99,66M","-1,90%"
1138,09/11/2018,2.11,2.08,2.15,2.05,"74,14M","0,96%"
1139,08/11/2018,2.09,2.08,2.12,2.07,"73,62M","1,95%"
1140,07/11/2018,2.05,2.09,2.1,2.02,"73,34M","-1,44%"
1141,06/11/2018,2.08,2.09,2.13,2.07,"88,43M","0,97%"
1142,05/11/2018,2.06,2.0,2.08,1.995,"113,39M","2,49%"
1143,02/11/2018,2.01,2.22,2.23,1.95,"537,04M","-9,05%"
1144,01/11/2018,2.21,2.24,2.31,2.17,"108,87M","-0,45%"
1145,31/10/2018,2.22,2.16,2.22,2.15,"81,86M","4,23%"
1146,30/10/2018,2.13,2.19,2.21,2.11,"79,97M","-1,84%"
1147,29/10/2018,2.17,2.17,2.23,2.13,"70,87M","0,46%"
1148,26/10/2018,2.16,2.25,2.27,2.16,"90,79M","-4,00%"
1149,25/10/2018,2.25,2.2,2.27,2.17,"106,85M","0,00%"
1150,24/10/2018,2.25,2.35,2.4,2.24,"83,10M","-4,26%"
1151,23/10/2018,2.35,2.32,2.42,2.32,"134,22M","0,43%"
1152,22/10/2018,2.34,2.29,2.36,2.29,"73,18M","3,08%"
1153,19/10/2018,2.27,2.2,2.32,2.19,"125,13M","1,79%"
1154,18/10/2018,2.23,2.29,2.29,2.2,"90,27M","-3,46%"
1155,17/10/2018,2.31,2.25,2.34,2.24,"136,40M","5,00%"
1156,16/10/2018,2.2,2.08,2.2,2.06,"143,22M","7,84%"
1157,15/10/2018,2.04,2.1,2.17,2.04,"87,20M","-3,77%"
1158,12/10/2018,2.12,2.15,2.2,2.09,"142,37M","-0,93%"
1159,11/10/2018,2.14,2.16,2.22,2.13,"124,28M","-4,89%"
1160,10/10/2018,2.25,2.13,2.27,2.13,"120,84M","6,13%"
1161,09/10/2018,2.12,2.24,2.26,2.11,"90,95M","-4,50%"
1162,08/10/2018,2.22,2.18,2.31,2.18,"97,84M","0,91%"
1163,05/10/2018,2.2,2.28,2.3,2.14,"70,55M","-3,93%"
1164,04/10/2018,2.29,2.3,2.35,2.25,"81,77M","-0,43%"
1165,03/10/2018,2.3,2.28,2.35,2.28,"51,96M","0,88%"
1166,02/10/2018,2.28,2.22,2.37,2.22,"109,98M","1,79%"
1167,01/10/2018,2.24,2.27,2.29,2.22,"38,54M","-0,44%"
1168,28/09/2018,2.25,2.2,2.28,2.19,"98,47M","3,21%"
1169,27/09/2018,2.18,2.14,2.22,2.14,"115,99M","1,87%"
1170,26/09/2018,2.14,2.08,2.16,2.06,"105,56M","3,38%"
1171,25/09/2018,2.07,2.04,2.08,2.03,"28,71M","1,97%"
1172,24/09/2018,2.03,2.05,2.08,2.03,"36,37M","0,00%"
1173,21/09/2018,2.03,2.1,2.13,2.03,"72,78M","-2,40%"
1174,20/09/2018,2.08,2.04,2.09,2.02,"94,93M","2,97%"
1175,19/09/2018,2.02,2.07,2.09,2.02,"57,00M","-1,94%"
1176,18/09/2018,2.06,1.99,2.07,1.98,"56,55M","3,26%"
1177,17/09/2018,1.995,2.03,2.03,1.99,"31,93M","-1,72%"
1178,14/09/2018,2.03,2.03,2.05,2.01,"41,38M","0,50%"
1179,13/09/2018,2.02,2.06,2.07,2.01,"50,64M","-0,98%"
1180,12/09/2018,2.04,2.03,2.08,2.02,"68,98M","0,99%"
1181,10/09/2018,2.02,2.04,2.06,1.99,"42,22M","-0,49%"
1182,07/09/2018,2.03,2.04,2.06,2.0,"58,42M","0,50%"
1183,06/09/2018,2.02,1.895,2.04,1.895,"110,85M","7,16%"
1184,05/09/2018,1.885,1.965,1.98,1.84,"112,45M","-5,75%"
1185,04/09/2018,2.0,2.05,2.08,2.0,"67,50M","-2,44%"
1186,03/09/2018,2.05,2.14,2.14,2.04,"51,54M","-4,21%"
1187,31/08/2018,2.14,2.01,2.14,1.99,"101,25M","4,39%"
1188,30/08/2018,2.05,2.14,2.18,2.05,"73,79M","-4,21%"
1189,29/08/2018,2.14,2.08,2.19,2.05,"134,54M","3,88%"
1190,28/08/2018,2.06,2.11,2.13,2.06,"61,26M","-1,44%"
1191,27/08/2018,2.09,2.04,2.12,2.01,"127,42M","4,76%"
1192,24/08/2018,1.995,2.03,2.04,1.99,"54,65M","-1,72%"
1193,23/08/2018,2.03,1.95,2.08,1.935,"226,89M","5,18%"
1194,21/08/2018,1.93,1.865,1.955,1.84,"124,64M","3,76%"
1195,20/08/2018,1.86,1.825,1.88,1.825,"70,20M","3,62%"
1196,16/08/2018,1.795,1.81,1.835,1.79,"50,90M","-2,45%"
1197,15/08/2018,1.84,1.835,1.855,1.75,"81,72M","1,38%"
1198,14/08/2018,1.815,1.805,1.85,1.78,"83,59M","0,55%"
1199,13/08/2018,1.805,1.905,1.91,1.795,"106,37M","-6,96%"
1200,10/08/2018,1.94,1.96,1.985,1.935,"85,33M","-1,02%"
1201,09/08/2018,1.96,1.88,2.01,1.855,"280,84M","4,81%"
1202,08/08/2018,1.87,1.79,1.875,1.76,"155,45M","5,06%"
1203,07/08/2018,1.78,1.79,1.795,1.765,"29,80M","0,28%"
1204,06/08/2018,1.775,1.775,1.795,1.77,"50,96M","0,85%"
1205,03/08/2018,1.76,1.74,1.785,1.735,"50,86M","1,73%"
1206,02/08/2018,1.73,1.75,1.79,1.73,"74,75M","-1,14%"
1207,01/08/2018,1.75,1.71,1.76,1.7,"87,91M","2,94%"
1208,31/07/2018,1.7,1.715,1.725,1.67,"49,24M","-0,58%"
1209,30/07/2018,1.71,1.7,1.73,1.69,"44,18M","0,88%"
1210,27/07/2018,1.695,1.69,1.7,1.685,"22,83M","0,89%"
1211,26/07/2018,1.68,1.73,1.735,1.675,"89,54M","-2,61%"
1212,25/07/2018,1.725,1.735,1.75,1.72,"56,76M","0,29%"
1213,24/07/2018,1.72,1.69,1.725,1.685,"51,25M","2,69%"
1214,23/07/2018,1.675,1.695,1.715,1.67,"38,87M","-1,18%"
1215,20/07/2018,1.695,1.67,1.715,1.655,"47,62M","1,19%"
1216,19/07/2018,1.675,1.735,1.74,1.66,"74,13M","-2,62%"
1217,18/07/2018,1.72,1.735,1.77,1.715,"86,21M","-0,29%"
1218,17/07/2018,1.725,1.66,1.73,1.63,"90,34M","5,18%"
1219,16/07/2018,1.64,1.695,1.705,1.635,"55,58M","-2,67%"
1220,13/07/2018,1.685,1.64,1.695,1.625,"131,86M","4,01%"
1221,12/07/2018,1.62,1.55,1.63,1.55,"114,39M","4,85%"
1222,11/07/2018,1.545,1.57,1.59,1.54,"97,95M","-2,52%"
1223,10/07/2018,1.585,1.65,1.665,1.585,"112,51M","-3,06%"
1224,09/07/2018,1.635,1.58,1.665,1.58,"114,01M","4,47%"
1225,06/07/2018,1.565,1.53,1.625,1.505,"219,32M","2,62%"
1226,05/07/2018,1.525,1.61,1.61,1.52,"139,69M","-5,28%"
1227,04/07/2018,1.61,1.635,1.7,1.565,"201,14M","-1,23%"
1228,03/07/2018,1.63,1.9,1.9,1.625,"346,08M","-16,41%"
1229,02/07/2018,1.95,2.01,2.09,1.95,"76,66M","-2,26%"
1230,29/06/2018,1.995,1.83,2.03,1.825,"112,24M","9,62%"
1231,28/06/2018,1.82,1.93,1.935,1.82,"62,85M","-5,21%"
1232,27/06/2018,1.92,1.95,1.975,1.905,"35,60M","-1,29%"
1233,26/06/2018,1.945,1.98,1.98,1.92,"53,67M","-1,77%"
1234,25/06/2018,1.98,2.06,2.08,1.98,"53,31M","-2,46%"
1235,22/06/2018,2.03,2.05,2.11,2.03,"39,15M","-2,87%"
1236,21/06/2018,2.09,2.03,2.11,2.03,"69,72M","2,45%"
1237,20/06/2018,2.04,2.03,2.11,2.01,"94,60M","-1,92%"
1238,08/06/2018,2.08,2.09,2.18,2.07,"119,86M","-5,45%"
1239,07/06/2018,2.2,2.2,2.25,2.18,"55,40M","0,92%"
1240,06/06/2018,2.18,2.29,2.29,2.16,"80,14M","-3,11%"
1241,05/06/2018,2.25,2.24,2.32,2.2,"149,74M","2,74%"
1242,04/06/2018,2.19,2.1,2.22,2.09,"95,16M","5,80%"
1243,31/05/2018,2.07,2.16,2.18,2.07,"80,03M","-2,82%"
1244,30/05/2018,2.13,2.2,2.21,2.13,"104,85M","-4,48%"
1245,28/05/2018,2.23,2.1,2.27,2.07,"164,35M","7,21%"
1246,25/05/2018,2.08,2.2,2.26,2.06,"187,33M","-4,15%"
1247,24/05/2018,2.17,1.895,2.19,1.89,"200,55M","15,43%"
1248,23/05/2018,1.88,1.905,1.945,1.88,"43,89M","-1,31%"
1249,22/05/2018,1.905,1.95,1.975,1.905,"48,21M","-1,55%"
1250,21/05/2018,1.935,2.0,2.0,1.93,"61,09M","-2,27%"
1251,18/05/2018,1.98,1.915,2.01,1.89,"71,67M","3,94%"
1252,17/05/2018,1.905,1.94,1.95,1.905,"37,93M","-1,04%"
1253,16/05/2018,1.925,1.865,1.955,1.835,"69,67M","2,67%"
1254,15/05/2018,1.875,1.92,1.945,1.865,"82,77M","-2,09%"
1255,14/05/2018,1.915,1.965,1.98,1.905,"45,40M","-2,54%"
1256,11/05/2018,1.965,1.96,2.03,1.935,"106,88M","1,81%"
1257,09/05/2018,1.93,1.81,1.965,1.81,"119,48M","7,22%"
1258,08/05/2018,1.8,1.885,1.89,1.79,"64,87M","-4,76%"
1259,07/05/2018,1.89,1.935,1.95,1.88,"43,02M","-2,07%"
1260,04/05/2018,1.93,1.95,1.975,1.895,"50,46M","0,00%"
1261,03/05/2018,1.93,2.04,2.04,1.925,"54,31M","-5,39%"
1262,02/05/2018,2.04,1.985,2.11,1.96,"87,30M","2,77%"
1263,30/04/2018,1.985,2.1,2.12,1.955,"98,17M","-4,11%"
1264,27/04/2018,2.07,2.24,2.24,2.05,"116,30M","-6,33%"
1265,26/04/2018,2.21,2.24,2.26,2.17,"117,35M","-0,45%"
1266,25/04/2018,2.22,2.22,2.24,2.18,"84,66M","-2,20%"
1267,24/04/2018,2.27,2.3,2.3,2.24,"46,91M","0,89%"
1268,23/04/2018,2.25,2.33,2.34,2.24,"77,66M","-3,02%"
1269,20/04/2018,2.32,2.21,2.33,2.2,"135,09M","5,94%"
1270,19/04/2018,2.19,2.2,2.23,2.17,"65,14M","0,92%"
1271,18/04/2018,2.17,2.23,2.25,2.16,"66,78M","-1,81%"
1272,17/04/2018,2.21,2.3,2.3,2.19,"78,85M","-3,07%"
1273,16/04/2018,2.28,2.33,2.34,2.27,"41,37M","-1,30%"
1274,13/04/2018,2.31,2.37,2.37,2.31,"37,00M","-1,70%"
1275,12/04/2018,2.35,2.38,2.39,2.33,"28,60M","0,00%"
1276,11/04/2018,2.35,2.39,2.4,2.34,"50,58M","-0,84%"
1277,10/04/2018,2.37,2.37,2.4,2.34,"53,50M","0,42%"
1278,09/04/2018,2.36,2.34,2.36,2.32,"33,38M","0,00%"
1279,06/04/2018,2.36,2.38,2.38,2.32,"34,38M","-0,84%"
1280,05/04/2018,2.38,2.36,2.39,2.34,"38,20M","3,03%"
1281,04/04/2018,2.31,2.42,2.45,2.28,"94,39M","-3,35%"
1282,03/04/2018,2.39,2.3,2.42,2.28,"90,48M","3,46%"
1283,02/04/2018,2.31,2.37,2.37,2.28,"39,68M","0,43%"
1284,29/03/2018,2.3,2.28,2.3,2.2,"99,93M","0,88%"
1285,28/03/2018,2.28,2.36,2.39,2.26,"57,36M","-4,20%"
1286,27/03/2018,2.38,2.48,2.49,2.36,"70,12M","-2,06%"
1287,26/03/2018,2.43,2.31,2.45,2.29,"105,83M","5,19%"
1288,23/03/2018,2.31,2.22,2.31,2.2,"60,15M","0,43%"
1289,22/03/2018,2.3,2.24,2.34,2.24,"69,03M","0,88%"
1290,21/03/2018,2.28,2.28,2.33,2.26,"59,97M","1,33%"
1291,20/03/2018,2.25,2.2,2.29,2.12,"102,62M","1,81%"
1292,19/03/2018,2.21,2.27,2.28,2.21,"51,66M","-2,21%"
1293,16/03/2018,2.26,2.32,2.33,2.21,"122,16M","-1,74%"
1294,15/03/2018,2.3,2.38,2.41,2.3,"79,33M","-4,56%"
1295,14/03/2018,2.41,2.41,2.42,2.36,"50,16M","-0,41%"
1296,13/03/2018,2.42,2.52,2.53,2.4,"118,75M","-3,97%"
1297,12/03/2018,2.52,2.41,2.53,2.39,"120,14M","5,44%"
1298,09/03/2018,2.39,2.43,2.43,2.37,"71,72M","-1,65%"
1299,08/03/2018,2.43,2.46,2.48,2.41,"93,21M","-1,22%"
1300,07/03/2018,2.46,2.57,2.59,2.43,"95,96M","-4,28%"
1301,06/03/2018,2.57,2.64,2.64,2.57,"51,71M","-1,15%"
1302,05/03/2018,2.6,2.64,2.64,2.57,"70,24M","0,00%"
1303,02/03/2018,2.6,2.59,2.62,2.57,"71,42M","-0,38%"
1304,01/03/2018,2.61,2.67,2.7,2.6,"101,40M","-2,25%"
1305,28/02/2018,2.67,2.6,2.68,2.55,"131,31M","3,49%"
1306,27/02/2018,2.58,2.58,2.62,2.53,"84,19M","1,18%"
1307,26/02/2018,2.55,2.62,2.65,2.54,"54,63M","-2,30%"
1308,23/02/2018,2.61,2.68,2.7,2.59,"101,14M","-1,88%"
1309,22/02/2018,2.66,2.71,2.76,2.66,"100,91M","-2,21%"
1310,21/02/2018,2.72,2.63,2.74,2.62,"185,25M","3,42%"
1311,20/02/2018,2.63,2.63,2.66,2.56,"146,95M","0,77%"
1312,19/02/2018,2.61,2.56,2.64,2.56,"156,35M","3,16%"
1313,15/02/2018,2.53,2.54,2.56,2.47,"168,80M","1,20%"
1314,14/02/2018,2.5,2.37,2.52,2.37,"213,13M","5,93%"
1315,13/02/2018,2.36,2.37,2.44,2.36,"85,87M","0,43%"
1316,12/02/2018,2.35,2.36,2.39,2.33,"52,77M","0,43%"
1317,09/02/2018,2.34,2.33,2.4,2.32,"70,54M","-2,90%"
1318,08/02/2018,2.41,2.37,2.47,2.33,"83,82M","1,69%"
1319,07/02/2018,2.37,2.48,2.49,2.35,"94,86M","-1,25%"
1320,06/02/2018,2.4,2.31,2.41,2.24,"250,35M","0,00%"
1321,05/02/2018,2.4,2.35,2.46,2.34,"104,32M","-2,44%"
1322,02/02/2018,2.46,2.51,2.53,2.43,"114,04M","-1,99%"
1323,01/02/2018,2.51,2.64,2.67,2.51,"194,05M","-3,83%"
1324,31/01/2018,2.61,2.35,2.61,2.32,"258,36M","9,66%"
1325,30/01/2018,2.38,2.49,2.55,2.34,"183,40M","-4,42%"
1326,29/01/2018,2.49,2.62,2.64,2.49,"169,22M","-5,32%"
1327,26/01/2018,2.63,2.65,2.7,2.61,"107,74M","-0,75%"
1328,25/01/2018,2.65,2.69,2.71,2.57,"242,48M","-1,49%"
1329,24/01/2018,2.69,2.72,2.81,2.57,"466,68M","0,00%"
1330,23/01/2018,2.69,2.5,2.7,2.49,"373,84M","8,91%"
1331,22/01/2018,2.47,2.37,2.47,2.33,"210,98M","5,11%"
1332,19/01/2018,2.35,2.19,2.37,2.15,"350,80M","6,82%"
1333,18/01/2018,2.2,2.42,2.86,2.17,"746,11M","-6,78%"
1334,17/01/2018,2.36,1.895,2.36,1.895,"543,16M","25,53%"
1335,16/01/2018,1.88,1.77,1.885,1.765,"172,89M","6,52%"
1336,15/01/2018,1.765,1.795,1.8,1.76,"21,68M","-0,84%"
1337,12/01/2018,1.78,1.8,1.815,1.78,"17,71M","-1,11%"
1338,11/01/2018,1.8,1.825,1.835,1.79,"24,16M","-1,37%"
1339,10/01/2018,1.825,1.805,1.845,1.805,"42,84M","1,11%"
1340,09/01/2018,1.805,1.84,1.855,1.805,"40,46M","-1,90%"
1341,08/01/2018,1.84,1.79,1.87,1.785,"89,13M","2,79%"
1342,05/01/2018,1.79,1.74,1.79,1.74,"22,53M","1,70%"
1343,04/01/2018,1.76,1.73,1.76,1.73,"18,24M","0,28%"
1344,03/01/2018,1.755,1.765,1.77,1.725,"18,23M","-0,57%"
1345,02/01/2018,1.765,1.75,1.785,1.75,"20,50M","0,86%"
